zotero_key,date_modified,title,item_type,year,url,doi,abstract,openalex_id,num_authors_openalex,author_country_codes,has_us_author,has_sa_author,is_us_sa_collab,openalex_status,ecosystem,ecosystem_confidence,ecosystem_sims,taxa,taxa_confidence,taxa_sims,method,method_confidence,method_sims
SUCXR3EM,2026-07-15T17:32:04Z,Practices to Decrease Parachute Science in Remote Sensing: A Case Study from South Africa,presentation,2026,,,,,0,,False,False,False,no_doi,,,,,,,,,
73I46GUJ,2026-06-24T19:19:52Z,LAI Estimation using Simulated Full-Waveform Lidar Data in a Complex Forest Scene,presentation,2025,https://essopenarchive.org/doi/full/10.22541/essoar.176860250.09217401/v1,10.22541/essoar.176860250.09217401/v1,"Leaf Area Index (LAI) is a vital parameter for understanding vegetation structure , canopy complexity, and ecosystem productivity. Full-waveform LiDAR system allows the collection of continuous backscattered energy profiles that enables a more detailed characterization of canopy structure and related variations compared to traditional discrete-return LiDAR systems. By utilizing waveform-derived metrics, LAI can be estimated with improved accuracy, specially in a dense or complex vegetation. This study presents a novel approach to LAI estimation by combining multiple full-waveform-derived metrics derived from simulated NASA's Land, Vegetation, and Ice Sensor (LVIS) footprints over the Harvard Forest scene. The truth data for modeling LAI is derived through voxelization of the forest scene, leveraging the known geometry of leaves (where individual leaves are modeled as smaller facets of known dimensions) and their arrangements within the tree to determine column-based projected leaf area onto the ground, which, by definition, represents LAI. Out of 30 candidate met-rics, the optimal combination-includes (1) Gini Coefficient (GC), (2) Centroid (intensity-weighted mean), and (3) Total Return Energy (RWE). Ordinary Least Squares (OLS) regression using these metrics on raw waveform data produced an Adjusted R 2 of 69.4%, indicating a strong predictive relationship. Among the selected predictors, RWE (β = 2.0976, p < 0.001) had the highest positive contribution to LAI estimation, followed by Centroid (β = −2.9073, p < 0.001), while GC (β = −4.8867, p < 0.001) also showed a significant negative effect. Moreover, we investigated the impact of removing the system contribution effect using a deconvolution-based approach. This preprocessing step improved model performance, increasing the Adjusted R 2 to 72.3%, suggesting that deconvo-lution improves the predictive power of waveform-derived metrics. Noticeably, after deconvolution, GC (β = −0.3026, p = 0.743) became statistically insignificant , while RWE (β = 1.5856, p < 0.001) and Centroid (β = −2.2318, p < 0.001) remained strong predictors. Overall, this study corroborates the ability of full-waveform LiDAR combined with signal processing techniques for accurate and robust LAI estimation in complex forest environments and suggest its broader applicability for ecosystem function analysis.",W7124432170,2,US;US,True,False,False,ok,Mixed,0.018928885459899902,"{""Estuarine/Coastal"": 0.23978731036186218, ""Freshwater"": 0.2005205601453781, ""Marine"": 0.17440561950206757, ""Terrestrial"": 0.2587161958217621}",Plants,0.09347665309906006,"{""Phytoplankton"": 0.10840208828449249, ""Plants"": 0.2736300528049469, ""Vocal fauna"": 0.18015339970588684}",Mixed,0.008634626865386963,"{""Field observation"": 0.3961084485054016, ""Machine learning"": 0.3127131164073944, ""Molecular / eDNA"": 0.10057338327169418, ""Perspective & synthesis"": 0.2138158231973648, ""Physics-based modeling"": 0.30594757199287415, ""Remote sensing"": 0.4047430753707886, ""Statistical modeling"": 0.23418083786964417}"
JG2TBC2S,2026-06-24T19:17:03Z,Atmospheric correction across environmental transitions,preprint,2026,https://papers.ssrn.com/abstract=6462442,10.2139/ssrn.6462442,"Atmospheric correction for global-scale imaging spectroscopy must accurately characterize environmental interfaces such as coastlines, snow lines, and wildfire fronts. However, atmosphere and surface retrievals are challenging across environmental boundaries when modeling assumptions change across surface types. This poses a challenge for the next generation of wide-swath imaging spectrometers, which can limit retrieval constraints where the assumptions for the retrieval method must be generic enough for all imaged land covers. We demonstrate multi-state atmospheric correction that allows multiple surface models within the same scene, enabling optimal estimation of surface reflectance and atmospheric conditions. We leverage recent advances in forward modeling for surface reflectance retrieval and a classification from radiance to provide consistent retrievals across environmental boundaries. We focus specifically on the land-water interface by incorporating a glint model in the atmospheric correction of water pixels and a topographic model in the correction over land. We show that our multi-state atmospheric retrieval, in conjunction with these nuanced surface modeling approaches for land and water, improves consistency in surface reflectance estimates across different observation geometries while ensuring a consistent atmospheric retrieval across the land-water transition. Critically, multi-state atmospheric retrieval can be extended to include any surface-specific forward model construction, for example by including black-body temperature over fires, or using custom surface property models over snow and ice. This work will help improve the accuracy of surface reflectance retrievals and continuity of atmospheric state retrievals for high-spatial resolution airborne and space-borne imaging spectrometers operating across diverse and mixed environments.",W7140199347,8,US;US;US;US;US;US;US;US;US;US;US;US;US;US,True,False,False,ok,Mixed,0.008738353848457336,"{""Estuarine/Coastal"": 0.1974259912967682, ""Freshwater"": 0.18868763744831085, ""Marine"": 0.18570846319198608, ""Terrestrial"": 0.15693052113056183}",Phytoplankton,0.055044785141944885,"{""Phytoplankton"": 0.14882653951644897, ""Plants"": 0.06004951149225235, ""Vocal fauna"": 0.09378175437450409}",Mixed,0.02366766333580017,"{""Field observation"": 0.3707526922225952, ""Machine learning"": 0.2951934337615967, ""Molecular / eDNA"": 0.17426984012126923, ""Perspective & synthesis"": 0.1738034188747406, ""Physics-based modeling"": 0.3944203555583954, ""Remote sensing"": 0.34445661306381226, ""Statistical modeling"": 0.19313660264015198}"
G24GRQM6,2026-05-01T23:23:24Z,BioSCape: PRISM L2A Orthocorrected Surface Reflectance,dataset,2026,https://daac.ornl.gov/BIOSCAPE/guides/BioSCape_PRISM_L2A_RFL.html,10.3334/ornldaac/2494,"This dataset holds Level 2A (L2A) orthocorrected, scaled surface reflectance data collected by the Portable Remote Imaging SpectroMeter (PRISM) instrument. The data were acquired in October-November 2023 for the Biodiversity Survey of the Cape (BioSCape), an international collaboration between National Aeronautics and Space Administration (NASA) and the South African National Space Agency (SANSA) to study biodiversity in South Africa's Greater Cape Floristic Region (GCFR). PRISM is a compact image spectrometer that acquires data in the near ultraviolet (UV) to near infrared (IR) spectral bands between 350 and 1050 nanometers with 3.5-nm spectral resolution. PRISM also has a two-channel spot radiometer at short-wave infrared (SWIR) band (1240 nm and 1640 nm) in order to provide accurate atmospheric correction of the ocean color measurements. PRISM's capabilities make it well suited for studies of aquatic and coastal ecosystems. It was deployed on a NASA Gulfstream III aircraft.
This dataset holds orthocorrected surface reflectance and uncertainty in NetCDF format, quicklook images as TIFF images, and processing information in text-based YAML format.",W7139955453,14,,False,False,False,ok,Mixed,0.03352707624435425,"{""Estuarine/Coastal"": 0.29928749799728394, ""Freshwater"": 0.2716671824455261, ""Marine"": 0.362354040145874, ""Terrestrial"": 0.3288269639015198}",Phytoplankton,0.12059715390205383,"{""Phytoplankton"": 0.3598043918609619, ""Plants"": 0.23920723795890808, ""Vocal fauna"": 0.20334909856319427}",Remote sensing,0.05626320838928223,"{""Field observation"": 0.42608869075775146, ""Machine learning"": 0.24826443195343018, ""Molecular / eDNA"": 0.3553801476955414, ""Perspective & synthesis"": 0.2023189663887024, ""Physics-based modeling"": 0.33920004963874817, ""Remote sensing"": 0.4823518991470337, ""Statistical modeling"": 0.2188599556684494}"
E9X6XH3U,2026-05-01T23:23:20Z,BioSCape: PRISM L1B Calibrated Radiance,dataset,2026,https://ui.adsabs.harvard.edu/abs/2026ornl.data....7T/abstract,10.3334/ornldaac/2493,"This dataset holds Level 1B (L1B) calibrated radiance data collected by the Portable Remote Imaging SpectroMeter (PRISM) instrument. The data were acquired in October-November 2023 for the Biodiversity Survey of the Cape (BioSCape), an international collaboration between the National Aeronautics and Space Administration (NASA) and the South African National Space Agency (SANSA) to study biodiversity in South Africa's Greater Cape Floristic Region (GCFR). PRISM is a compact image spectrometer that acquires data in the near ultraviolet (UV) to near infrared (IR) spectral bands between 350 and 1050 nanometers with 3.5 nm spectral resolution. PRISM also has a two-channel spot radiometer at short-wave infrared (SWIR) band (1240 nm and 1640 nm) in order to provide accurate atmospheric correction of the ocean color measurements. PRISM's capabilities make it well suited for studies of aquatic and coastal ecosystems. This dataset includes calibrated radiance and observational parameters in netCDF format, quicklook images as TIFF images, and processing information in text-based YAML format.",W7139933007,24,,False,False,False,ok,Mixed,0.0012352466583251953,"{""Estuarine/Coastal"": 0.2761145532131195, ""Freshwater"": 0.27417606115341187, ""Marine"": 0.3284129500389099, ""Terrestrial"": 0.3296481966972351}",Phytoplankton,0.09874169528484344,"{""Phytoplankton"": 0.34348180890083313, ""Plants"": 0.24474011361598969, ""Vocal fauna"": 0.1803998500108719}",Mixed,0.04675140976905823,"{""Field observation"": 0.41787177324295044, ""Machine learning"": 0.2666182219982147, ""Molecular / eDNA"": 0.3406293988227844, ""Perspective & synthesis"": 0.1814088076353073, ""Physics-based modeling"": 0.3833483159542084, ""Remote sensing"": 0.46462318301200867, ""Statistical modeling"": 0.21159695088863373}"
X4A9Z8NX,2026-05-01T23:23:11Z,"BioSCape: AVIRIS-NG L3 Resampled Reflectance Mosaics, V2",dataset,2025,https://daac.ornl.gov/cgi-bin/dsviewer.pl?ds_id=2427,10.3334/ornldaac/2427,"This dataset holds mosaics of resampled surface reflectance from the Airborne Visible / Infrared Imaging Spectrometer-Next Generation (AVIRIS-NG) instrument for Biodiversity Survey of the Cape (BioSCape) project. AVIRIS-NG imagery was acquired in October - November 2023 over the Greater Cape Floristic Region (GCFR), South Africa. L2B surface reflectance data from these AVIRIS-NG collections were resampled to 5-m spatial resolution and mosaiced into a regular tile system of 807 tiles. A given tile includes multiple AVIRIS-NG scenes from multiple flight lines spanning multiple days. BioSCape is a multi-agency, NASA-led research project that integrates airborne imaging spectroscopy and lidar with a suite of measurements of biodiversity. The dataset includes surface reflectance with uncertainty for each tile in netCDF format along with an RGB quicklook image in TIFF format. A spatial index of mosaic grid tiles is included in GeoJSON format.",W6908769321,13,,False,False,False,ok,Terrestrial,0.13046932220458984,"{""Estuarine/Coastal"": 0.2993607521057129, ""Freshwater"": 0.2861754894256592, ""Marine"": 0.2992663085460663, ""Terrestrial"": 0.42983007431030273}",Mixed,0.004950910806655884,"{""Phytoplankton"": 0.24543409049510956, ""Plants"": 0.26916617155075073, ""Vocal fauna"": 0.2741170823574066}",Remote sensing,0.137404203414917,"{""Field observation"": 0.4916125535964966, ""Machine learning"": 0.36592018604278564, ""Molecular / eDNA"": 0.36471524834632874, ""Perspective & synthesis"": 0.3039335608482361, ""Physics-based modeling"": 0.38341739773750305, ""Remote sensing"": 0.6290167570114136, ""Statistical modeling"": 0.2678959369659424}"
KY8FSH6S,2026-04-15T17:40:26Z,Monitoring Dimensions of Biodiversity in a Mega-Diverse Region of Southern Africa: from Traits to Communities to Ecosystems,presentation,2018,https://essopenarchive.org/doi/full/10.1002/essoar.10500104.1,10.1002/essoar.10500104.1,"The Greater Cape Floristic Region (GCFR) of South Africa includes marine and terrestrial biomes with species diversity rivaling mega-diverse tropical rainforests in a compact area (300x700km). Extinction risk studies suggest that GCFR species are among the most vulnerable to climate change over the next 50 years. I present a scoping proposal commissioned by NASA to develop a field campaign to measure and monitor the distribution and abundance of biodiversity with new remotely-sensed data and the rich historical data in this region. I will summarize the central questions to be addressed by this field campaign and lay out the proposed study design to integrate satellite, airborne, and in situ data collection. Our plan centers around the collection of new hyperspectral imagery from AVIRIS-NG, PRISM, and HyTES spectrometers combined with the LVIS laser altimeter. These data will be collected at approximately 20 m spatial resolution across much of the GCFR and nearby aquatic and marine ecosystems. These data will then be combined with existing and new observations of the spatial distribution of community composition and functional traits to enable high resolution mapping and modeling of several essential biodiversity variables (EBVs) including species distributions, functional traits (including leaf properties), and three-dimensional canopy structure. Given the wealth of available independent in situ data available that can be brought to bear, the GCFR is an ideal system to fully evaluate the capabilities of remote-sensing technology to characterize biodiversity patterns across diverse landscapes in a relatively compact geographic area. In combination with the rich historical data and well-developed ecological understanding in this region, these new observations will enable detailed exploration into the drivers and mechanisms of change including the feedbacks from changing biodiversity to regional climate, disturbance, post-fire recovery, freshwater provisioning, and other ecosystem services.",W3020641317,5,US;ZA;US,True,True,True,ok,Terrestrial,0.19344204664230347,"{""Estuarine/Coastal"": 0.31291693449020386, ""Freshwater"": 0.2998964786529541, ""Marine"": 0.2662167251110077, ""Terrestrial"": 0.5063589811325073}",Mixed,0.00015163421630859375,"{""Phytoplankton"": 0.2531123757362366, ""Plants"": 0.2955167591571808, ""Vocal fauna"": 0.2956683933734894}",Mixed,0.047885775566101074,"{""Field observation"": 0.47670066356658936, ""Machine learning"": 0.30231815576553345, ""Molecular / eDNA"": 0.35651370882987976, ""Perspective & synthesis"": 0.3217623829841614, ""Physics-based modeling"": 0.30109691619873047, ""Remote sensing"": 0.5245864391326904, ""Statistical modeling"": 0.33753207325935364}"
N7TLXNZA,2026-04-12T23:41:56Z,Monitoring Leucadendron argenteum populations: exploring opportunities offered by emerging technologies,preprint,2026,https://essopenarchive.org/doi/full/10.22541/essoar.15001795/v1,10.22541/essoar.15001795/v1,"The Cape Floristic Region hosts a range of endemic species, one of them being Leucadendron argenteum. Leucadendron argenteum is a rare, silvery leafed endemic to the Cape Peninsula. This study evaluated whether airborne hyperspectral imaging and LiDAR can reliably distinguish L. argenteum from other vegetation species in the region using NASA&rsquo;s BioSCape campaign, which provided AVIRIS-NG hyperspectral imaging and LVIS LiDAR data. Seven 10 m x 10 m field plots were surveyed in validating LiDAR&rsquo;s field height measurements. LiDAR waveforms were filtered, corrected for ground elevations, and used to calculate relative height metrics. LiDAR showed a positive correlation with field-measured heights. A spectral library of 26 species and 1,229 samples was vector-normalized and reduced through PCA, then passed on to XGBoost, Random Forest, Support Vector Machines (Linear and Radial Basis Function kernels), k-nearest neighbours, and logistic regression classification algorithms. As a result, L. argenteum produced a distinctive spectral signature from other sampled vegetation. XGBoost achieved the highest L. argenteum F1-score (0.631; 95&thinsp;% CI: 0.519&ndash;0.733) and Random Forest the highest overall accuracy (30.7&thinsp;%). A LiDAR canopy height mask (&lt; 1 m) removed 29.6% of likely false positives. Probability mapping predicted L. argenteum occurrences across the peninsula and highlighted known populations. These results show that the integration of hyperspectral imaging and LiDAR can help monitor populations of L. argenteum across their natural range within Cape Floristic region. New technologies and instrumentation are set to facilitate long-term monitoring and management of this threatened species.",W7152639792,3,ZA;ZA;ZA;ZA,False,True,False,ok,Terrestrial,0.16541019082069397,"{""Estuarine/Coastal"": 0.27447709441185, ""Freshwater"": 0.2802075743675232, ""Marine"": 0.27809950709342957, ""Terrestrial"": 0.44561776518821716}",Plants,0.07953464984893799,"{""Phytoplankton"": 0.1651841700077057, ""Plants"": 0.3947972059249878, ""Vocal fauna"": 0.3152625560760498}",Mixed,0.03424203395843506,"{""Field observation"": 0.5320326685905457, ""Machine learning"": 0.3996827304363251, ""Molecular / eDNA"": 0.31587061285972595, ""Perspective & synthesis"": 0.2268291413784027, ""Physics-based modeling"": 0.31953540444374084, ""Remote sensing"": 0.4977906346321106, ""Statistical modeling"": 0.330373078584671}"
5RUFMZQI,2026-04-11T00:32:37Z,The Spectrum of Life,film,2024,https://www.youtube.com/watch?v=Zcbbs3c7jE8,,"BioSCape, NASA’s first biodiversity campaign, took place in South Africa’s Greater Cape Floristic Region, a global biodiversity hotspot on land and sea. Using airborne imaging spectroscopy, lidar, and extensive field measurements, the project explored the region’s rich biodiversity, providing insights that will help us measure and monitor ecosystems from space. The Spectrum of Life is a documentary film about this groundbreaking mission, produced by Fishwater Films, a pair of ecologist/storytellers based locally in Cape Town. The film features insights from local and international researchers collaborating to push the boundaries of global biodiversity science - all weaved together with an audiovisual celebration of the region’s exceptional diversity. Check bioscape.io/film for more information.",,0,,False,False,False,no_doi,Mixed,6.651878356933594e-05,"{""Estuarine/Coastal"": 0.39583805203437805, ""Freshwater"": 0.3488319218158722, ""Marine"": 0.4503680169582367, ""Terrestrial"": 0.45043453574180603}",Mixed,0.014102429151535034,"{""Phytoplankton"": 0.3894921541213989, ""Plants"": 0.2671281397342682, ""Vocal fauna"": 0.40359458327293396}",Field observation,0.05812147259712219,"{""Field observation"": 0.4583563506603241, ""Machine learning"": 0.32557299733161926, ""Molecular / eDNA"": 0.4002348780632019, ""Perspective & synthesis"": 0.38975217938423157, ""Physics-based modeling"": 0.24460455775260925, ""Remote sensing"": 0.38284504413604736, ""Statistical modeling"": 0.3017595410346985}"
6FMZS5PB,2026-04-01T22:57:45Z,BioSCape multi-sensor data integration,presentation,2025,https://cce.nasa.gov/biodiversity/meeting_2025/agenda.html,,,,0,,False,False,False,no_doi,,,,,,,,,
JE59NW74,2026-04-01T22:57:41Z,"Biodiversity across Scales: Mapping taxonomic, phylogenetic, and functional diversity with eDNA, Field Surveys, and Remote Sensing Data",presentation,2025,https://cce.nasa.gov/biodiversity/meeting_2025/agenda.html,,,,0,,False,False,False,no_doi,,,,,,,,,
WIKQGPIM,2026-04-01T22:57:38Z,"Biodiversity across Scales: Mapping taxonomic, phylogenetic, and functional diversity with eDNA, Field Surveys, and Remote Sensing Data",presentation,2024,https://cce.nasa.gov/biodiversity/meeting_2024/agenda.html,,,,0,,False,False,False,no_doi,,,,,,,,,
YMYMFGYQ,2026-04-01T22:57:33Z,BioREaCH: Biodiversity-Remote sensing for Estuarine and Coastal Habitat research,presentation,2025,https://cce.nasa.gov/biodiversity/meeting_2025/agenda.html,,,,0,,False,False,False,no_doi,,,,,,,,,
LNGL2RRV,2026-03-31T00:18:26Z,Biodiversity Survey of the Cape (BioSCape): A NASA campaign to understand Earth’s biodiversity through the lens of spectroscopy,presentation,2024,,,,,0,,False,False,False,no_doi,,,,,,,,,
WFWIY5SQ,2026-03-31T00:10:30Z,NASA’s first biodiversity-focused airborne campaign: An unprecedented suite of instruments collecting data across terrestrial and aquatic ecosystems in South Africa,presentation,2024,https://www.earthdata.nasa.gov/data/catalog/ornl-cloud-sbg-tim-2024-report-2433-1,,,,0,,False,False,False,no_doi,,,,,,,,,
LJ5G6BKN,2026-03-31T00:06:29Z,Early results from BioSCape: The Biodiversity Survey of the Cape,presentation,2023,,,,,0,,False,False,False,no_doi,,,,,,,,,
3DXCMSY5,2026-03-31T00:05:14Z,BioSCape: The Biodiversity Survey of the Cape,presentation,2023,,,,,0,,False,False,False,no_doi,,,,,,,,,
T5L7WQG2,2026-03-30T23:57:15Z,Early results from BioSCape: The Biodiversity Survey of the Cape,presentation,2024,https://www.nature.org/en-us/,,,,0,,False,False,False,no_doi,,,,,,,,,
PNZ2ELTM,2026-03-30T23:56:48Z,Data from BioSCape: The Biodiversity Survey of the Cape,presentation,2024,https://science.uct.ac.za/seec,,,,0,,False,False,False,no_doi,,,,,,,,,
PMLBXPX8,2026-03-30T23:56:29Z,Early results from BioSCape: The Biodiversity Survey of the Cape,presentation,2024,,,,,0,,False,False,False,no_doi,,,,,,,,,
JRPSRQ77,2026-03-30T23:55:23Z,Early results from BioSCape: The Biodiversity Survey of the Cape,presentation,2024,https://www.capenature.co.za/events/conservation-review-2024,,,,0,,False,False,False,no_doi,,,,,,,,,
WIDMC2WQ,2026-03-30T23:55:00Z,Early Data From BioSCape: NASA’s First Biodiversity-Focused Airborne Campaign,presentation,2024,https://gissa.org.za/,,,,0,,False,False,False,no_doi,,,,,,,,,
5EBZ9NCM,2026-03-30T23:54:30Z,BioSCape: The Biodiversity Survey of the Cape,presentation,2024,,,,,0,,False,False,False,no_doi,,,,,,,,,
NKD94LA2,2026-03-30T23:53:36Z,Early results from BioSCape: The Biodiversity Survey of the Cape,presentation,2024,,,,,0,,False,False,False,no_doi,,,,,,,,,
M585U75D,2026-03-30T23:03:36Z,Retrieval of Secondary Metabolites in the Erectophile-dominant Fynbos Biome from Hyperspectral Data using the PROSPECT-D Radiative Transfer Model Coupled with Machine and Active Learning Strategies,preprint,2025,https://papers.ssrn.com/sol3/papers.cfm?abstract_id=5646071,10.2139/ssrn.5646071,"PROSPECT radiative transfer models (RTMs) have been developed to simulate leaf optical properties, with early versions such as PROSPECT-4 being widely used. However, in environments that are rich in secondary metabolites, the capabilities of these initial models may be limited due to their inability to explicitly account for the influence of such compounds. To address these limitations, PROSPECT-D was introduced, incorporating secondary metabolites like carotenoids and anthocyanins to improve modelling accuracy. Therefore, this study assessed the capability of the PROSPECT-D RTM in the Greater Cape Floristic Region (GCFR), which is very rich in secondary metabolites, to estimate carotenoids and anthocyanins. Nevertheless, RTMs often encounter challenges when confronted with datasets containing redundant or non-diverse samples, which can adversely affect model performance and prediction reliability. To address this, the machine learning regression algorithm (MLRA) Partial Least Squares Regression (PLSR) integrated with active learning (AL) techniques, namely, Pool-Based Active Learning (PAL), Cluster-Based Diversity Active Learning (CBD) and Residual Active Learning (RSAL) were utilized in this study. Without the use of active learning, PROSPECT-D inverted with PLSR yielded poor retrieval accuracies for carotenoids (R2 = 0.03; RMSE = 2253.50 µg/cm²) and anthocyanins (R2 = 0.042; RMSE = 897.76 µg/cm²). In contrast, inversions which incorporated PLSR integrated with active learning significantly improved retrievals with PAL and RSAL achieving the highest accuracies for carotenoids (R2 = 0.89; RMSE = 1.31 µg/cm²) and anthocyanins (R2 = 0.86; RMSE = 0.32 µg/cm²) respectively. These findings demonstrate that integrating RTMs with MLRA and AL techniques provide a robust framework for monitoring vegetation biochemical traits in metabolite-rich ecosystems, with implications for biodiversity conservation and ecosystem management.",W4415459805,5,ZA;ZA;ZA;ZA,False,True,False,ok,Terrestrial,0.08568425476551056,"{""Estuarine/Coastal"": 0.15832631289958954, ""Freshwater"": 0.1587451845407486, ""Marine"": 0.20241276919841766, ""Terrestrial"": 0.2880970239639282}",Mixed,0.026726767420768738,"{""Phytoplankton"": 0.22758935391902924, ""Plants"": 0.254316121339798, ""Vocal fauna"": 0.15780968964099884}",Mixed,0.0016630291938781738,"{""Field observation"": 0.25837963819503784, ""Machine learning"": 0.3367435336112976, ""Molecular / eDNA"": 0.18802949786186218, ""Perspective & synthesis"": 0.12228482961654663, ""Physics-based modeling"": 0.31756821274757385, ""Remote sensing"": 0.21538493037223816, ""Statistical modeling"": 0.33508050441741943}"
NBXM7ZI2,2026-03-30T22:34:47Z,Estimating flavonoids using radiative transfer model inversion on imaging spectroscopy data,journalArticle,2026,https://www.frontiersin.org/journals/remote-sensing/articles/10.3389/frsen.2026.1759371/full,10.3389/frsen.2026.1759371,"Assessing flavonoid content is crucial for understanding plant responses to biotic and abiotic stresses. However, pigments such as chlorophylls, carotenoids, and anthocyanins, absorb light between 410 and 430 nm, thus makes it difficult to quantify flavonoid content in this region. To improve the sensitivity of flavonoids have been developed, but they are largely empirical and lack transferability across environments. Therefore, this study compares the effectiveness of the PROSAIL-D radiative transfer model (RTM) and an empirical approach in mapping flavonoids using AVIRIS data in the Fynbos biome through indices. Results show that PROSAIL-D consistently outperformed the empirical method, with the spectral index FI417,693 achieving an R2 of 0.63 and RMSE of 0.24 (mg catechin (CAE)/g). The empirical approach with the same index yielded an R2 of 0.46 and RMSE of 5.11 mg CAE/g. Overall, the RTM model demonstrated superior accuracy, with RMSE values ranging from 0.24 to 1.70, compared to 5.11 to 6.28 for empirical methods. These findings highlight the potential of integrating AVIRIS data with PROSAIL for non-destructive, remote sensing-based assessment of flavonoids, offering a scalable approach for monitoring plant health and stress responses at the canopy level.",W7138916170,6,ZA;GH;ZA;ZA;GH;ZA;ZA;ZA;ZA;GH;ZA,False,True,False,ok,Marine,0.06015913188457489,"{""Estuarine/Coastal"": 0.06443233788013458, ""Freshwater"": 0.11780345439910889, ""Marine"": 0.20714923739433289, ""Terrestrial"": 0.146990105509758}",Plants,0.06161472201347351,"{""Phytoplankton"": 0.20787328481674194, ""Plants"": 0.26948800683021545, ""Vocal fauna"": 0.14927171170711517}",Physics-based modeling,0.051845699548721313,"{""Field observation"": 0.2962559163570404, ""Machine learning"": 0.19245190918445587, ""Molecular / eDNA"": 0.17892986536026, ""Perspective & synthesis"": 0.02187434956431389, ""Physics-based modeling"": 0.3481016159057617, ""Remote sensing"": 0.24730655550956726, ""Statistical modeling"": 0.16948385536670685}"
FHPXFLIW,2026-03-20T16:55:31Z,BioSCape Biodiversity Across Scales [FULL DATASET],dataset,2026,https://www.ednaexplorer.org/projects/cm4n7xtuw0001hpu2zi0x8ca2?config=cmmjjh5a90014jp04tr98tqin&tab=organism+diversity&density=normal,,"This project aims to observe phylogenetic, taxonomic, and functional biodiversity across ecoregions connected along the Berg and Eerste Rivers, freshwater to marine watersheds in South Africa’s Greater Cape Floristic Region. Their goal is to improve mapping of biodiversity by improving understanding of how functional diversity relates to phylogenetic and taxonomic diversity. Specifically, this project will leverage lessons learned about the spatiotemporal signal in eDNA in Californian Mediterranean-climate watersheds to address the question: how do eDNA, traditional field, and remote sensing observations of biodiversity relate across space and time? They will investigate the relationships of phylogenetic, taxonomic, and functional diversity along the Berg and Eerste Rivers, two naturally (fire and drought) and anthropogenically (dams and development) disturbed watersheds in the GCFR, a biodiversity hotspot susceptible to environmental change (climate, urbanization, etc.).

Key Project Questions
Hypothesis 1) Phylogenetic, taxonomic, and functional diversity are directly related to each other along the Berg and Eerste River systems. Hypothesis 2) Due to the hydrologic structure of watersheds, phylogenetic, taxonomic, and functional diversity self-organize spatially and are scale dependent.",,0,,False,False,False,no_doi,Mixed,0.015967369079589844,"{""Estuarine/Coastal"": 0.37739092111587524, ""Freshwater"": 0.5276354551315308, ""Marine"": 0.3592222332954407, ""Terrestrial"": 0.5116680860519409}",Mixed,0.020121723413467407,"{""Phytoplankton"": 0.36077290773391724, ""Plants"": 0.34065118432044983, ""Vocal fauna"": 0.32776960730552673}",Molecular / eDNA,0.10545358061790466,"{""Field observation"": 0.435431569814682, ""Machine learning"": 0.3147115707397461, ""Molecular / eDNA"": 0.5408851504325867, ""Perspective & synthesis"": 0.22525851428508759, ""Physics-based modeling"": 0.12820610404014587, ""Remote sensing"": 0.21640272438526154, ""Statistical modeling"": 0.4031522274017334}"
RXWLB2LD,2026-03-20T16:51:02Z,Localized Brightness–Shape–Moisture Soil Parameterization for Improved PROSAIL-5 Canopy Simulation,journalArticle,2026,https://www.ingentaconnect.com/content/asprs/pers/pre-prints/content-25-00146r2#Refs,10.14358/pers.25-00146r2,"The mapping and modeling of canopies is important for the understanding, monitoring, and management of vegetation systems. To effectively model or simulate canopy spectra at the hyperspectral level, background soil spectra must first be simulated accurately. Spectrometer data simulation such as this will become increasingly relevant as newer imaging spectroscopy missions such as PRISMA and AVIRIS-NG start to produce more data sets. In this study, the brightness–shape–moisture (BSM) radiative transfer model (RTM) with localized parameter distributions was used in conjunction with the PROSAIL-5 RTM to simulate canopy spectra for different biomes in the semiarid regions of Southern Africa as captured with PRISMA or AVIRIS-NG sensors. It is hypothesized that a PROSAIL-5 RTM with biome-specific BSM parameters can more accurately simulate PRISMA and AVIRIS-NG spectra than a PROSAIL-5 model simulated with the default soil spectrum, as represented by lower relative root mean square error (RRMSE) values against actual spectra. It is demonstrated that the PRISMA and AVIRIS-NG canopy spectra are more effectively simulated using their respective biome-specific BSM parameter regimes, with RRMSE improvements from 14.56% to 13.91% and from 13.64% to 10.71% for two tested images captured with these sensors.",W7133192949,4,ZA;ZA;ZA;ZA,False,True,False,ok,Terrestrial,0.09727790951728821,"{""Estuarine/Coastal"": 0.22617292404174805, ""Freshwater"": 0.28689301013946533, ""Marine"": 0.22226887941360474, ""Terrestrial"": 0.38417091965675354}",Plants,0.08597473800182343,"{""Phytoplankton"": 0.17163293063640594, ""Plants"": 0.30447980761528015, ""Vocal fauna"": 0.21850506961345673}",Mixed,0.009412616491317749,"{""Field observation"": 0.46657153964042664, ""Machine learning"": 0.2640396058559418, ""Molecular / eDNA"": 0.23184829950332642, ""Perspective & synthesis"": 0.1825338453054428, ""Physics-based modeling"": 0.4759841561317444, ""Remote sensing"": 0.42934107780456543, ""Statistical modeling"": 0.2507335841655731}"
6YNEZ6EM,2026-03-20T16:45:28Z,Scale dependence in remotely sensed biodiversity: Leveraging continental‐scale imaging spectroscopy from the National Ecological Observatory Network,journalArticle,2026,https://zslpublications.onlinelibrary.wiley.com/doi/10.1002/rse2.70068,10.1002/rse2.70068,"Biodiversity is under threat globally, with signiﬁcant implications for the ecosystem processes that underpin human well-being. Effective conservation efforts require scalable, replicable metrics to detect and monitor changes in biodiversity. However, a persistent challenge is deciding on the spatial scale over which to quantify biodiversity—including when using metrics derived from remote sensing—which is inherently scale-dependent. Understanding the scaling properties of remote sensing metrics is thus important for biodiversity change detection and assessment. We address this challenge by investigating the scale dependence of two remotely sensed vegetation diversity metrics, spectral richness and divergence, across 15 diverse ecosystems that are part of the United States National Ecological Observatory Network (NEON). Our continental-scale analysis builds on the success of similar studies that have shown scale dependence of spectral richness in select forest ecosystems. Our results corroborate prior ﬁndings that show that spectral richness follows well-established ecological scaling laws by adhering to the sub-linear scaling expected for species–area and functional diversity area relationships. We compare these scaling relationships to the null expectation of randomly distributed pixel values, demonstrating that empirical scaling relationships are non-random. Comparing diverse ecosystems using the same data and methods, we show how scaling parameters encode important information on the relative roles of climate, geomorphology, and ecosystem structure on vegetation-based biodiversity metrics. By advancing our understanding of the scale dependence of remotely sensed biodiversity metrics, this study lays a foundation for leveraging remote sensing data in global biodiversity monitoring and conservation.",W7136704340,9,US;US;US;US;US;US;US;US;US;US;US;US;US,True,False,False,ok,Mixed,0.03075939416885376,"{""Estuarine/Coastal"": 0.24184544384479523, ""Freshwater"": 0.28507888317108154, ""Marine"": 0.2601819932460785, ""Terrestrial"": 0.3158382773399353}",Mixed,0.03328678011894226,"{""Phytoplankton"": 0.23551301658153534, ""Plants"": 0.265158087015152, ""Vocal fauna"": 0.29844486713409424}",Mixed,0.02812105417251587,"{""Field observation"": 0.407150536775589, ""Machine learning"": 0.43527159094810486, ""Molecular / eDNA"": 0.2792590260505676, ""Perspective & synthesis"": 0.18171557784080505, ""Physics-based modeling"": 0.2524941563606262, ""Remote sensing"": 0.3270472288131714, ""Statistical modeling"": 0.4008709490299225}"
HK3XKJID,2026-03-18T21:10:15Z,"A fully satellite-driven workflow for hydrodynamic modeling in data-scarce coastal systems: integrating ICESat-2, Sentinel-2, SWOT and reanalysis models",journalArticle,2026,https://www.frontiersin.org/journals/remote-sensing/articles/10.3389/frsen.2026.1751006/full,10.3389/frsen.2026.1751006,"Hydrodynamic models in coastal and estuarine systems are typically constrained by sparse bathymetry, boundary, and validation data, especially in regions where field campaigns are costly or impractical. Here we develop and test a fully satellite-driven framework for hydrodynamic modeling in South Africa’s Langebaan Lagoon without using any local in situ measurements. Bathymetry is derived by training multispectral Sentinel-2 reflectance against ICESat-2 ATL24 photon-derived depths using an XGBoost model optimized with Bayesian search. The final satellite derived bathymetry reproduces independent ATL24 points with RMSE = 0.45 m and R2 = 0.97. This bathymetry was used in a depth-averaged Delft3D Flexible Mesh model driven at the open boundary by TPXO tidal harmonics and by ERA5 winds. We validate modeled water surface elevation against 16 SWOT low-rate (250 m, unsmoothed) passes in 2023. SWOT–model comparisons yield an overall RMSE of 0.11 m and R2 = 0.61, with typical point differences <0.10 m (∼5% of the 2 m tidal range), and showed consistent spatial gradients in water level from the offshore boundary, through Saldanha Bay, and into the lagoon. At the offshore boundary, TPXO and SWOT sea surface heights agree closely (R2 = 0.86). A ∼26 min phase lag, determined using a lag-correlation analysis, reduces the TPXO–SWOT RMSE from 0.18 m to 0.11 m, indicating that phase differences explain some of the mismatch, with remaining differences likely linked to non-tidal signals. Our results demonstrate that combining passive optical, photon-counting LiDAR, radar interferometry, and global tidal/atmospheric models enables robust, transferrable hydrodynamic modeling in data-scarce coastal systems, offering a cost-effective pathway for monitoring.",W7134903251,6,US;US;US;US;ZA;GB;US,True,True,True,ok,Estuarine/Coastal,0.06749182939529419,"{""Estuarine/Coastal"": 0.3742975890636444, ""Freshwater"": 0.3068057596683502, ""Marine"": 0.2914468050003052, ""Terrestrial"": 0.2469978779554367}",Phytoplankton,0.09909574687480927,"{""Phytoplankton"": 0.20032373070716858, ""Plants"": 0.09782788902521133, ""Vocal fauna"": 0.10122798383235931}",Field observation,0.05400735139846802,"{""Field observation"": 0.35600730776786804, ""Machine learning"": 0.21548300981521606, ""Molecular / eDNA"": 0.11450687050819397, ""Perspective & synthesis"": 0.220686674118042, ""Physics-based modeling"": 0.3019999563694, ""Remote sensing"": 0.2637060582637787, ""Statistical modeling"": 0.26394063234329224}"
DGQC6AA7,2026-03-07T22:24:58Z,AVIRIS-NG supervised pan-sharpening of PRISMA imagery in the Cederberg,conferencePaper,2026,https://spie.org/spie-sensors-imaging/presentation/AVIRIS-NG-supervised-pan-sharpening-of-PRISMA-imagery-in-the/13670-5,,"The BioSCape campaign run in 2023 within the Greater Cape Floristic Region of South Africa included 5m resolution AVIRIS-NG aerial hyperspectral spectrometry data. 30m resolution PRISMA hyperspectral imagery is available for the same area, and has intermittent revisits, allowing for the detection of changes over time. However, in the highly biodiverse Cape Floristic Region, with single pixels often representing several species or features, PRISMA hyperspectral imagery therefor needs to be sharpened to align to AVIRIS-NG data. Here, a simple ANN pan-sharpening method is implemented to sharpen the PRISMA 30m hyperspectral data using its 5m resolution panchromatic imagery, with AVIRIS 5m imagery as ground truth data.",,0,,False,False,False,no_doi,Terrestrial,0.12811782956123352,"{""Estuarine/Coastal"": 0.21876336634159088, ""Freshwater"": 0.258685827255249, ""Marine"": 0.23842856287956238, ""Terrestrial"": 0.38680365681648254}",Plants,0.08695171773433685,"{""Phytoplankton"": 0.15011848509311676, ""Plants"": 0.26544201374053955, ""Vocal fauna"": 0.1784902960062027}",Remote sensing,0.11800351738929749,"{""Field observation"": 0.41679999232292175, ""Machine learning"": 0.3976207971572876, ""Molecular / eDNA"": 0.2600257694721222, ""Perspective & synthesis"": 0.20260311663150787, ""Physics-based modeling"": 0.342189222574234, ""Remote sensing"": 0.5348035097122192, ""Statistical modeling"": 0.19446130096912384}"
L6NEAD8R,2026-02-28T00:23:57Z,Surface Biology and Geology (SBG): future thermal and spectroscopic missions for Earth science,presentation,2023,https://gsn.saeon.ac.za/2023/12/01/gsn-indibano-2023/,,,,0,,False,False,False,no_doi,,,,,,,,,
SCIJPDJJ,2026-02-28T00:23:44Z,"Remote sensing for Estuarine and Coastal Research: Biodiversity, Resilience, and Carbon monitoring",presentation,2023,https://gsn.saeon.ac.za/2023/12/01/gsn-indibano-2023/,,,,0,,False,False,False,no_doi,,,,,,,,,
MTFSQNCI,2026-02-28T00:22:59Z,Overview of BioSCape,presentation,2023,https://gsn.saeon.ac.za/2023/12/01/gsn-indibano-2023/,,BioSCape is a new biodiversity-focused collaborative research project that has launched in the Western and Eastern Cape of South Africa. The project will link satellite and airborne data with field observations to better understand the biodiversity of the Greater Cape Floristic Region and nature’s contributions to people.,,0,,False,False,False,no_doi,Terrestrial,0.20912513136863708,"{""Estuarine/Coastal"": 0.34373369812965393, ""Freshwater"": 0.3226745128631592, ""Marine"": 0.329522967338562, ""Terrestrial"": 0.552858829498291}",Vocal fauna,0.10418954491615295,"{""Phytoplankton"": 0.2607213854789734, ""Plants"": 0.31961289048194885, ""Vocal fauna"": 0.4238024353981018}",Mixed,0.010240763425827026,"{""Field observation"": 0.4250749349594116, ""Machine learning"": 0.3572993278503418, ""Molecular / eDNA"": 0.4148341715335846, ""Perspective & synthesis"": 0.33890923857688904, ""Physics-based modeling"": 0.20661278069019318, ""Remote sensing"": 0.3939003646373749, ""Statistical modeling"": 0.36906224489212036}"
JFGYJEVH,2026-02-28T00:22:50Z,BioSCape Aquatic Programme,presentation,2023,https://gsn.saeon.ac.za/2023/12/01/gsn-indibano-2023/,,,,0,,False,False,False,no_doi,,,,,,,,,
T7EH5DWL,2026-02-28T00:12:35Z,RadSCape: radiative transfer simulation and validation of the dynamic structural and spectral properties of the vegetation of the Cape,presentation,2023,https://cce.nasa.gov/meeting_2023/BDEC_Agenda_Presentations.pdf?,,,,0,,False,False,False,no_doi,,,,,,,,,
W6L44FCU,2026-02-28T00:12:31Z,Project Overview - BioSCape: Biodiversity Survey of the Cape,presentation,2023,https://cce.nasa.gov/meeting_2023/BDEC_Agenda_Presentations.pdf?,,,,0,,False,False,False,no_doi,,,,,,,,,
LSNQV5LD,2026-02-28T00:12:27Z,Near-Real-time Forecasting and Change Detection for a Fire-Prone Shrubland Ecosystem,presentation,2023,https://cce.nasa.gov/meeting_2023/BDEC_Agenda_Presentations.pdf?,,,,0,,False,False,False,no_doi,,,,,,,,,
YRIR5HL9,2026-02-28T00:11:37Z,Ecosystem Resilience to Global Environmental Change in a Biodiversity Hotspot,presentation,2020,https://zenodo.org/records/3679306,,"Integrated research across biological scales is vital to understand and anticipate the ecological implications of global environmental change. In particular, the feedbacks between climate, biodiversity, and ecosystem function/services are not well understood. These feedbacks are especially important in fire-prone biomes which cover approximately 40% of Earth’s land surface. There is now a plethora of ecological, natural history, climate, and remotely sensed data available to address this important issue. I explore the potential for climate-biodiversity-ecosystem function feedbacks in the Cape Floristic Region (CFR), a biodiversity hotspot in South Africa. Firstly, I describe an analysis of multi-decadal satellite and field observations. We found that post-fire recovery rate has strong gradients, associated with climate, resulting in faster recovery in regions with higher soil fertility, winter temperature, and summer precipitation. Secondly, we conducted an analysis of the longest-running permanent vegetation plots in the region (44 years) and relate observed changes in diversity and composition to fire history, extreme weather in the first summer after fire, and alien plant species invasion. We found a significant decline in plant diversity over time which was associated with increasingly severe post-fire summer weather events (number of consecutive days with high temperatures and no rain) and alien plant invasion. We also observed a 1◦C increase in maximum temperature tolerance of the species sets unique to each survey, which suggests
there has been selection for species adapted to warmer conditions. Observed differences in the response of major growth forms and fire-response types could drive major shifts in ecosystem structure and function such as altered fire behavior, hydrology, and carbon storage. This is the first example of climate change impacts on biodiversity in this hyperdiverse region and demonstrates an important interaction between extreme weather and disturbance by fire that suggests flammable ecosystems are particularly sensitive to climate change.",,0,,False,False,False,no_doi,Terrestrial,0.2837432026863098,"{""Estuarine/Coastal"": 0.24711665511131287, ""Freshwater"": 0.3098909854888916, ""Marine"": 0.27737149596214294, ""Terrestrial"": 0.5936341881752014}",Mixed,0.008902251720428467,"{""Phytoplankton"": 0.21952465176582336, ""Plants"": 0.3243406116962433, ""Vocal fauna"": 0.3154383599758148}",Mixed,0.015325218439102173,"{""Field observation"": 0.3923211395740509, ""Machine learning"": 0.2843191921710968, ""Molecular / eDNA"": 0.3170129656791687, ""Perspective & synthesis"": 0.22326704859733582, ""Physics-based modeling"": 0.19296249747276306, ""Remote sensing"": 0.2522923946380615, ""Statistical modeling"": 0.4076463580131531}"
U8RBQIKV,2026-02-28T00:07:48Z,Intrinsic dimensionality and data fusion to monitor Cape biodiversity,presentation,2023,https://cce.nasa.gov/meeting_2023/BDEC_Agenda_Presentations.pdf?,,,,0,,False,False,False,no_doi,,,,,,,,,
I98CZBHH,2026-02-28T00:07:43Z,CapeTraits: Patterns of functional trait variation and diversity across the Greater Cape Floristic Region and comparison with other Mediterranean ecosystems,presentation,2023,https://cce.nasa.gov/meeting_2023/BDEC_Agenda_Presentations.pdf?,,,,0,,False,False,False,no_doi,,,,,,,,,
L3XV9N4K,2026-02-28T00:07:14Z,"Providing the BioSCape Campaign with Coordinated NASA Earthdata Dataset Curation, Publication, and Open Access through NASA DAAC’s",presentation,2024,https://agu.confex.com/agu/agu24/meetingapp.cgi/Paper/1676800,,"The Biodiversity Survey of the Cape (BioSCape) is the first US National Aeronautics and Space Administration (NASA) sponsored Biodiversity field campaign which took place in South Africa in late 2023 and incorporated airborne imaging spectroscopy, lidar, and a unique range of field observations and biodiversity measurements across terrestrial and aquatic environments. Airborne data were collected by NASA airborne platforms from four instruments including AVIRIS-NG, PRISM, and HyTES spectrometers and the LVIS laser altimeter. With over 150 Science Team members composed of South African and US-affiliated researchers, data collections will be substantial and heterogeneous especially considering 4 coordinated airborne instruments with flight lines across 45,000km2 of the Greater Cape Floristic Region and supporting field collections. South African partners include the South African Environmental Observation Network (SAEON) and numerous other South African conservation, research, and government institutions.
Here, we describe NASA Earthdata curation and publication of BioSCape airborne derived datasets and field data as well as supportive resources and capacity building. NASA Earthdata is the home for full and open access to NASA's Earth science data collections. As such the full suite of BioSCape airborne datasets and field data collections will be available through NASA’s archive of Earth observations. Much of the airborne and field data will be fully curated and published to NASA Earthdata through the NASA sponsored Oak Ridge National Laboratory Distributed Active Archive Center (ORNL DAAC). However, where BioSCape data are curated through other domain specific NASA DAAC’s or data-appropriate repositories, the NASA DAAC’s will coordinate through controlled Project keywords and NASA’s Common Metadata Repository (CMR) to provide users with a comprehensive listing of BioSCape collections. All datasets published through the ORNL DAAC are provided on the Earthdata Cloud which is NASA’s cloud-based archive of Earth observations and is hosted by Amazon Web Services (AWS). The ORNL DAAC will provide tutorials and training that demonstrate BioSCape airborne and field data access through programmatic discovery and access through application interfaces especially for data on NASA Earthdata Cloud.",,0,,False,False,False,no_doi,Terrestrial,0.1707889437675476,"{""Estuarine/Coastal"": 0.27258214354515076, ""Freshwater"": 0.2588503360748291, ""Marine"": 0.23046408593654633, ""Terrestrial"": 0.44337108731269836}",Mixed,0.02188485860824585,"{""Phytoplankton"": 0.24296949803829193, ""Plants"": 0.3072572946548462, ""Vocal fauna"": 0.32914215326309204}",Remote sensing,0.06224411725997925,"{""Field observation"": 0.5382444858551025, ""Machine learning"": 0.3857647478580475, ""Molecular / eDNA"": 0.42652663588523865, ""Perspective & synthesis"": 0.4486931562423706, ""Physics-based modeling"": 0.30549943447113037, ""Remote sensing"": 0.6004886031150818, ""Statistical modeling"": 0.2616056203842163}"
XW7ZCRMA,2026-02-28T00:05:34Z,Impacts of invasive alien species on biodiversity and ecosystem functioning,presentation,2023,https://cce.nasa.gov/meeting_2023/BDEC_Agenda_Presentations.pdf?,,,,0,,False,False,False,no_doi,,,,,,,,,
AZHSB82Q,2026-02-28T00:05:03Z,TraitsCape: Understanding the role of microrefugia in buffering fynbos from global change,presentation,2023,https://cce.nasa.gov/meeting_2023/BDEC_Agenda_Presentations.pdf?,,,,0,,False,False,False,no_doi,,,,,,,,,
Q82Z2DBY,2026-02-28T00:04:43Z,Cyanobacteria and Surface aquatic vegetation of the Cape freshwater systems (CyanoSCape): A Hyperspectral Data Campaign and Analysis,presentation,2023,https://cce.nasa.gov/meeting_2023/BDEC_Agenda_Presentations.pdf?,,,,0,,False,False,False,no_doi,,,,,,,,,
XPL5D4IA,2026-02-28T00:04:19Z,CyanoSCape: Freshwater Phytoplankton and Floating Aquatic Vegetation Biodiversity,presentation,2023,https://cce-datasharing.gsfc.nasa.gov/conferences/absbyid/177/35/h/1/,,"In Southern Africa, the impacts of anthropogenic activities on biodiversity and ecosystem services are exacerbated by the climate crisis. Rapid land use change and the lack of emphasis on environmentally sustainable agricultural practices has hindered hydrological processes and compromised riverine and aquatic ecosystems biodiversity and long-term ecosystem sustainability. Phytoplankton serve as the foundation of the freshwater food web and include photosynthesizing bacteria (cyanobacteria), plant-like diatoms, dinoflagellates, and green algae. Nutrient run-off from agricultural fertilizers and urban overflows, warm temperatures, abundant light availability and compromised hydrological systems provide an ideal environment for cyanobacteria to flourish. These bloom forming algae can significantly outcompete other phytoplankton classes in warmer and eutrophic waters where they are quick to dominate the freshwater system. Eutrophication and toxic cyanobacteria blooms (cyanoHABs) in the inland waters of the Greater Cape Floristic Region (GCFR) incur significant effects on the biodiversity of the overall phytoplankton assemblage and provide a favorable environment for the overgrowth of floating aquatic vegetation (FAV), which is often invasive and associated with reduced aquatic biodiversity. 
Hyperspectral optical observations are expected to facilitate the improvement of current phytoplankton functional type retrievals significantly, as the sensitivity is sufficient that the distinctive, fine spectral features of different phytoplankton groups can be detected. We will be testing operational and emerging advanced algorithms for use with the BioSCape airborne campaign data. Innovations in optical sensor sensitivity and next generation machine learning capabilities considerably enhance the potential for accurate and rapid detection of phytoplankton, namely the presence, extent, and diversity of cyanobacteria present in cyanoHABs and additionally, invasive FAV. 
The overarching goal of this project is to utilize hyperspectral data, with recently developed and next-generation algorithms, to determine the biodiversity of freshwater systems phytoplankton assemblage with emphasis on genus level distinction, as well as monitor the prevalence and diversity of FAV.",,0,,False,False,False,no_doi,Marine,0.12262392044067383,"{""Estuarine/Coastal"": 0.4196288287639618, ""Freshwater"": 0.44815587997436523, ""Marine"": 0.5707798004150391, ""Terrestrial"": 0.3965831995010376}",Phytoplankton,0.39067286252975464,"{""Phytoplankton"": 0.7225228548049927, ""Plants"": 0.33184999227523804, ""Vocal fauna"": 0.19565118849277496}",Mixed,0.0005080103874206543,"{""Field observation"": 0.29604265093803406, ""Machine learning"": 0.20673997700214386, ""Molecular / eDNA"": 0.2965506613254547, ""Perspective & synthesis"": 0.11583711206912994, ""Physics-based modeling"": 0.06416493654251099, ""Remote sensing"": 0.08329799771308899, ""Statistical modeling"": 0.2790670394897461}"
7YTXMTGT,2026-02-28T00:03:38Z,BIOSCape - Mapping of phytoplankton functional types from space in support of coastal resource management and decision support activities,presentation,2023,https://cce.nasa.gov/meeting_2023/BDEC_Agenda_Presentations.pdf?,,,,0,,False,False,False,no_doi,,,,,,,,,
4YLFH2NN,2026-02-28T00:03:16Z,"Applying BioSCape: Conceptual framing of improved biodiversity decision-support in the Greater Cape Floristic Region, South Africa",presentation,2023,https://cce-datasharing.gsfc.nasa.gov/conferences/absbyid/156/35/h/1/,,"The Biodiversity Survey of the Cape (BioSCape) aims to understand the structure, function, and composition of terrestrial and aquatic ecosystems in the Greater Cape Floristic Region (GCFR) of South Africa. The research involves the collection and integration of field-based ecological data with data from four airborne instruments, measuring UV/visible to short wavelength infrared (UVSWIR), thermal imaging spectroscopy and laser altimetry LiDAR. Given the GCFR is a complex social-ecological system, there are dynamic non-linear feedbacks between global change, biodiversity change, ecosystem processes and functions, and the resilience and sustainability of nature’s contribution to people.  The BioSCape data set is unique in its size and scope and has potential to provide answers to important ecological and evolutionary questions related to biodiversity, ecosystem services and global change within the GCFR. Given this potential, the BioSCape team seeks to bridge the gap between research and practice by exploring potential applications of the research with end-users and decision-/policy-makers. Here we illustrate the conceptual framing and work to date for the enhancement and documentation of the decision-making relevance of the individual BioSCape research projects with external knowledge holders from South African institutions. By considering the value creation of the data products related to decision-maker needs, our proposed conceptual framing uses the Value Creation Framework and a realist evaluation approach (context, mechanism and outcome) of science applications to address real-world problems. We present progress with a subset of the research teams to date.",,0,,False,False,False,no_doi,Terrestrial,0.16738462448120117,"{""Estuarine/Coastal"": 0.35302361845970154, ""Freshwater"": 0.3425872027873993, ""Marine"": 0.3659568428993225, ""Terrestrial"": 0.5333414673805237}",Mixed,0.01846379041671753,"{""Phytoplankton"": 0.3000484108924866, ""Plants"": 0.28314149379730225, ""Vocal fauna"": 0.3185122013092041}",Mixed,0.014763891696929932,"{""Field observation"": 0.4744809567928314, ""Machine learning"": 0.3481772840023041, ""Molecular / eDNA"": 0.40615054965019226, ""Perspective & synthesis"": 0.39694300293922424, ""Physics-based modeling"": 0.29540136456489563, ""Remote sensing"": 0.4597170650959015, ""Statistical modeling"": 0.36875835061073303}"
HKYTKN4B,2026-02-28T00:02:53Z,"Integrating Remote Sensing and Biodiversity Observations to Map and Monitor Plant Taxonomic, Phylogenetic, and Functional β-diversity in the Greater Cape Floristic Region",presentation,2023,https://cce.nasa.gov/meeting_2023/BDEC_Agenda_Presentations.pdf?,,,,0,,False,False,False,no_doi,,,,,,,,,
5P36FAK9,2026-02-28T00:01:56Z,"BioSoundsCape: Deep learning detection of bird, amphibian and insect species of the Cape Region, South Africa",presentation,2024,https://www.africanbioacoustics.org/,,,,0,,False,False,False,no_doi,,,,,,,,,
CXF9SXRU,2026-02-28T00:01:33Z,BioSoundSCape: Connecting acoustics and remote sensing to study habitat-animal diversity across environmental gradients,presentation,2023,https://cce-datasharing.gsfc.nasa.gov/conferences/absbyid/63/35/h/1/,,"This new BioSCape project based in the Cape Region of South Africa develops a novel, generalizable and species agnostic approach to connect acoustic diversity to animal richness and habitat diversity, as measured by airborne lidar and imaging spectroscopy. In two field campaigns this year, we will deploy a network of independent autonomous recording units (AudioMoths) designed to sample sites across land cover types, fire history and anthropogenic disturbance gradients, along with coincident in situ bird and frog point count measurements conducted by local volunteer ecologists with experience in species identification. With these in situ data and NASA airborne spectral (AVIRIS-NG) and structural (LVIS) measurements collected during the BioSCape multi-team campaign, the project will answer the following questions: 1) What is the relationship among measures of acoustic, spectral and structural diversity and how do those relationships change across spatial scales and vegetation types? and, 2) How do anthropogenic and natural disturbance affect acoustic diversity and habitat quality?",,0,,False,False,False,no_doi,Terrestrial,0.20294314622879028,"{""Estuarine/Coastal"": 0.291307270526886, ""Freshwater"": 0.30503928661346436, ""Marine"": 0.27716273069381714, ""Terrestrial"": 0.5079824328422546}",Vocal fauna,0.3880237638950348,"{""Phytoplankton"": 0.2190970480442047, ""Plants"": 0.2828783094882965, ""Vocal fauna"": 0.6709020733833313}",Field observation,0.14361459016799927,"{""Field observation"": 0.5742135047912598, ""Machine learning"": 0.37070250511169434, ""Molecular / eDNA"": 0.4206939935684204, ""Perspective & synthesis"": 0.2547869086265564, ""Physics-based modeling"": 0.21844199299812317, ""Remote sensing"": 0.4305989146232605, ""Statistical modeling"": 0.3767170011997223}"
YAABHIC4,2026-02-28T00:01:03Z,BioSoundSCape: Connecting acoustics and remote sensing to study habitat-animal diversity across environmental gradients,presentation,2023,https://cce.nasa.gov/meeting_2023/BDEC_Agenda_Presentations.pdf?,,,,0,,False,False,False,no_doi,,,,,,,,,
Y7FTFMKC,2026-02-28T00:00:14Z,Plant community assembly and trait evolution in the South African Greater Cape Floristic Region,presentation,2023,https://cce.nasa.gov/meeting_2023/BDEC_Agenda_Presentations.pdf?,,,,0,,False,False,False,no_doi,,,,,,,,,
PXEUNTE7,2026-02-27T23:59:10Z,BioSCape: A Biodiversity Survey of the Cape,presentation,2023,https://cce-datasharing.gsfc.nasa.gov/conferences/absbyid/123/35/h/1/,,"BioSCape (www.bioscape.io) is a biodiversity-focussed airborne field campaign taking place in the Greater Cape Floristic Region (GCFR) in the Western Cape of South Africa in October - December 2023. It is an international collaboration between NASA (United States National Aeronautics and Space Administration), SAEON (South African Environmental Observation Network), and SANSA (South African National Space Agency).

The GCFR contains two global biodiversity hotspots? with the richest temperate flora and the third highest marine endemism in the world. The campaign will collect UV/visible to short wavelength infrared (UVSWIR) and thermal imaging spectroscopy and laser altimetry lidar data over terrestrial and aquatic targets using four airborne instruments: AVIRIS-NG, PRISM, LVIS, and HyTES. These airborne data will be accompanied by a range of biodiversity-related field observations on land and in the water. BioSCape’s primary objective is to study the structure, function, and composition of the region’s ecosystems, and to learn about how and why they are changing in time and space. The campaign is organized around three major research themes aimed at understanding: 
1) the distribution and abundance of biodiversity, 
2) the role of biodiversity in ecosystem function, and 
3) the impacts of biodiversity change on ecosystem services. 
Specifically, BioSCape will help us understand where biodiversity is, what it is doing, and why it matters.

In an effort to do equitable and accessible research, all BioSCape data will be open access. We have also made a concerted effort to not perpetuate “parachute science” and have assembled a science team that is half US-based and half SA-based.",,0,,False,False,False,no_doi,Terrestrial,0.16473466157913208,"{""Estuarine/Coastal"": 0.38075393438339233, ""Freshwater"": 0.34570878744125366, ""Marine"": 0.37946733832359314, ""Terrestrial"": 0.5454885959625244}",Mixed,0.03328618407249451,"{""Phytoplankton"": 0.3515048921108246, ""Plants"": 0.35069844126701355, ""Vocal fauna"": 0.3847910761833191}",Mixed,0.03961700201034546,"{""Field observation"": 0.5137888789176941, ""Machine learning"": 0.37105658650398254, ""Molecular / eDNA"": 0.4588097929954529, ""Perspective & synthesis"": 0.3896779417991638, ""Physics-based modeling"": 0.31661465764045715, ""Remote sensing"": 0.5534058809280396, ""Statistical modeling"": 0.3384167551994324}"
9L5KJKNT,2026-02-27T23:58:46Z,BioREaCH: Biodiversity-Remote sensing for Estuarine and Coastal Habitat research,presentation,2023,https://cce-datasharing.gsfc.nasa.gov/conferences/absbyid/71/35/h/1/,,"Drivers of estuarine biodiversity and how these will be impacted by climate change vary by region and require precise monitoring. We hypothesize that estuarine essential biodiversity variables vary significantly between climates and hydrogeomorphic settings across the Greater Cape Floristic Region. We endeavor to clarify the relationships between biodiversity, topography, and spectra across the estuaries of the GCFR. This poster details our year-one progress in preparation for field data collection. We have utilized spaceborne sensors, including lidar and optical data, to inform site selection and provide a priori knowledge for understanding the relationships between coastal biodiversity, topography, bathymetry, and spectra. We demonstrate high-resolution satellite-based classifications and preliminary nearshore bathymetry maps for the GCFR. Additionally, we have begun testing some of our hypotheses with spaceborne spectroscopy data to understand likely outcomes for our analysis once aerial data are collected for our study sites. These efforts will lead to our evaluation of how climate change will affect coastal biodiversity in GCFR.",,0,,False,False,False,no_doi,Mixed,0.026260316371917725,"{""Estuarine/Coastal"": 0.5668480396270752, ""Freshwater"": 0.4227752685546875, ""Marine"": 0.5405877232551575, ""Terrestrial"": 0.47055119276046753}",Phytoplankton,0.06259849667549133,"{""Phytoplankton"": 0.4038907587528229, ""Plants"": 0.34129226207733154, ""Vocal fauna"": 0.3265712261199951}",Field observation,0.13256290555000305,"{""Field observation"": 0.5444521307945251, ""Machine learning"": 0.335036963224411, ""Molecular / eDNA"": 0.3739801049232483, ""Perspective & synthesis"": 0.2706925868988037, ""Physics-based modeling"": 0.2859508693218231, ""Remote sensing"": 0.40261709690093994, ""Statistical modeling"": 0.4118892252445221}"
NVV4AIQW,2026-02-27T23:58:00Z,BioREaCH: Biodiversity-Remote sensing for Estuarine and Coastal Habitat research,presentation,2023,https://cce.nasa.gov/meeting_2023/BDEC_Agenda_Presentations.pdf?,,,,0,,False,False,False,no_doi,,,,,,,,,
UTHKTISY,2026-02-27T23:51:00Z,"Here, There, and in the Air: Ecological Applications of NASA Airborne and Field Data",presentation,2025,https://events.rdmobile.com/Sessions/Details/2967312,,,,0,,False,False,False,no_doi,,,,,,,,,
W9B3JD65,2026-02-27T23:50:52Z,Monitoring dimensions of biodiversity in a mega-diverse region of Southern Africa: From traits to communities to ecosystems,presentation,2017,https://programarchives.z20.web.core.windows.net/2017/Paper63271.html,,,,0,,False,False,False,no_doi,,,,,,,,,
XXNZ7L5A,2026-02-27T23:50:48Z,Ecosystem resilience and global change in a Mediterranean-type biodiversity hotspot,presentation,2017,https://programarchives.z20.web.core.windows.net/2017/Paper68064.html,,,,0,,False,False,False,no_doi,,,,,,,,,
H5J4XT8F,2026-02-26T22:25:27Z,Integrating Biodiversity Science with Remote Sensing: The Biodiversity Survey of the Cape (BioSCape),presentation,2024,https://www.saeon.ac.za/seminars/,,"This seminar will give an overview of the BioSCape project, including an introduction to its expected datasets. BioSCape is NASA's first biodiversity-focused integrated airborne field campaign. It took place in South Africa in Oct-Nov 2023 and investigates the structure, function, and composition of ecosystems, and how and why they are changing in time and space. BioSCape's airborne dataset is unprecedented in its instrument combination and level of detail, with near complete coverage of the electromagnetic spectrum at high resolution and coincident full-waveform lidar acquisitions. BioSCape's field datasets quantify the diversity of plant communities including alien invasives and kelp, phytoplankton functional types, phylogenetic histories, eDNA in watersheds, bird and frog acoustics, plant functional and spectral traits, blue carbon, and in-water radiometry. BioSCape is committed to facilitating Open Science and all datasets will be delivered to one of NASA's Distributed Archive and Analysis Centers.
South Africa is ideally placed in the crossroads of three ocean basins and three massive and distinct ocean boundary currents. Observations need to be made in such a way that they complement modelling studies and operational activities, such as global weather forecast models, provide insights to unique ocean processes and are able, to some degree, provide the information needed to mitigate against extreme weather and ocean phenomena. 
So where should we deploy ocean observing infrastructure to provide the best bang for our buck? In this presentation we explore the possibilities within the boundary currents around South Africa, look at existing initiatives undertaken by various South African teams, and try to work out where the gaps are.",,0,,False,False,False,no_doi,Terrestrial,0.08860114216804504,"{""Estuarine/Coastal"": 0.42638397216796875, ""Freshwater"": 0.371746301651001, ""Marine"": 0.45984944701194763, ""Terrestrial"": 0.5484505891799927}",Mixed,0.001557767391204834,"{""Phytoplankton"": 0.3882783353328705, ""Plants"": 0.44786518812179565, ""Vocal fauna"": 0.4463074207305908}",Field observation,0.08075949549674988,"{""Field observation"": 0.5625964999198914, ""Machine learning"": 0.428643137216568, ""Molecular / eDNA"": 0.4491569399833679, ""Perspective & synthesis"": 0.36576083302497864, ""Physics-based modeling"": 0.28077518939971924, ""Remote sensing"": 0.4818370044231415, ""Statistical modeling"": 0.368193119764328}"
A9Y6PGJK,2026-02-26T22:16:47Z,NASA’s first biodiversity-focused airborne campaign: Biodiversity Survey of the Cape (BioSCape),presentation,2020,,,,,0,,False,False,False,no_doi,,,,,,,,,
G5A53M8R,2026-02-26T21:47:09Z,South Africa Ecological Conservation: Identifying and Mapping Riparian Areas in South Africa with Earth Observations,presentation,2024,https://ntrs.nasa.gov/citations/20240011086,,"Riparian zones are thin strips of wetland that occur along the edges of rivers, lakes, and other water bodies. They provide many ecosystem and societal benefits such as stream bank stabilization, flood control, and habitat stability, making these zones very important areas to preserve and protect. Recognizing the need to accurately map these ecosystems in a cost-effective way, we partnered with the South African National Biodiversity Institute (SANBI) and the Biodiversity Survey of the Cape(BioSCape) to develop a GI methodology using Esri's ArcGIS Pro and data from Landsat 9 Operational Land Imager-2, Sentinel-2 Multispectral Instrument, and the Shuttle Radar Topography Mission to identify potential riparian zones (PRZ) and observed riparian vegetation(ORV) in the Southern Cape and the North West Province of South Africa to estimate the actual riparian vegetation (ARV) within those areas. Potential riparian ecosystems were calculated by utilizing a Topographic Wetness Index (TWI) and a water feature layer, while observed riparian vegetation were calculated by overlaying a Normalized Difference Vegetation Index (NDVI) and TWI. Actual Riparian Vegetation is determined by the overlap of ORV with PRZ and is done with conditional statements; ORV within PRZ is ARV. This method significantly improved a current riparian land cover classification since it combined high resolution optical imagery and topographic data. We anticipate such maps will be used by conservationists and practitioners interested in riparian monitoring and management.",,0,,False,False,False,no_doi,Mixed,0.022750377655029297,"{""Estuarine/Coastal"": 0.3636220693588257, ""Freshwater"": 0.5281696915626526, ""Marine"": 0.2733965218067169, ""Terrestrial"": 0.5054193139076233}",Mixed,0.008527994155883789,"{""Phytoplankton"": 0.21109862625598907, ""Plants"": 0.2862301170825958, ""Vocal fauna"": 0.27770212292671204}",Field observation,0.12752199172973633,"{""Field observation"": 0.478084534406662, ""Machine learning"": 0.34622716903686523, ""Molecular / eDNA"": 0.3487003445625305, ""Perspective & synthesis"": 0.2145218700170517, ""Physics-based modeling"": 0.1335097700357437, ""Remote sensing"": 0.35056254267692566, ""Statistical modeling"": 0.23656588792800903}"
4M7GDT8Q,2026-02-26T21:46:16Z,BioSoundSCape: Connecting acoustics and remote sensing to study habitat-animal diversity relationships across environmental and disturbance gradients,presentation,2024,https://worldbiodiversityforum2024.org/wp-content/uploads/2024/07/proceedings_2024.html,,,,0,,False,False,False,no_doi,,,,,,,,,
X8CXSA3E,2026-02-26T21:42:07Z,Biodiversity Dynamics and Ecosystem Resilience in Disturbance-Prone Ecosystems: Integrating Field and Remote Sensing Observations,presentation,2023,https://cce-datasharing.gsfc.nasa.gov/conferences/absbyid/19/35/h/1/,,"Ecosystem resilience refers to an ecosystem's ability to withstand environmental disturbances like droughts, storms, wildfires, and other extreme events while maintaining its composition, structure, and function. Improving our understanding of ecological resilience can help with managing and planning for societal resilience. However, a global perspective on how biodiversity and ecosystem functions respond to and recover from environmental perturbations is currently lacking. Since many ecosystems depend on specific disturbance regimes for their persistence (e.g. fire, herbivory, flood), “perturbation” is context-specific, and can be the occurrence or absence of a disturbance event. To systematically map and monitor natural disturbance regimes and compare how different ecosystems respond to stress, integrating field and remote sensing observations is necessary. Remote sensing provides globally and temporally consistent observations to monitor ecosystem dynamics, the occurrence of and responses to events such as wildfire, land-use change, or climate extremes. However, field-based studies are critical to understanding the mechanistic basis of change and how biodiversity can enhance an ecosystem's ability to resist perturbations and recover from them. To produce reliable estimates through time, continuous collection and integration of remote sensing data with field data are necessary. This talk will summarize some challenges of addressing these questions in disturbance-prone ecosystems such as savannas and shrublands, where it is difficult to disentangle natural variability from a state change.  Building mechanistic understanding will enable forecasting and potential management of how ecosystems will respond to future environmental change.",,0,,False,False,False,no_doi,Mixed,0.025616884231567383,"{""Estuarine/Coastal"": 0.27005866169929504, ""Freshwater"": 0.371904194355011, ""Marine"": 0.30400365591049194, ""Terrestrial"": 0.3462873101234436}",Mixed,0.021458089351654053,"{""Phytoplankton"": 0.23970423638820648, ""Plants"": 0.28186479210853577, ""Vocal fauna"": 0.3033228814601898}",Mixed,0.04874351620674133,"{""Field observation"": 0.37322884798049927, ""Machine learning"": 0.34644538164138794, ""Molecular / eDNA"": 0.3005305230617523, ""Perspective & synthesis"": 0.19824308156967163, ""Physics-based modeling"": 0.21622614562511444, ""Remote sensing"": 0.2188977748155594, ""Statistical modeling"": 0.4219723641872406}"
C4JIAGY9,2026-02-26T21:33:32Z,Spatial Pattern of Beta Diversity of Plant Species in the Greater Cape Floristic Region of South Africa,presentation,2019,https://agu.confex.com/agu/fm19/meetingapp.cgi/Paper/517937,,"This paper figures out the spatial pattern of biodiversity in the Greater Cape Floristic Region (GCFR) and examines the responses of the plant biodiversity to geodiversity variables, such as temperature, precipitation, seasonality, and elevation. Our study area is the GCFR, well-known for its plant biodiversity – it contains nearly 20% of Africa’s plant species in less than 0.5% of Africa’s total area. In this study we calculate the mean of the local compositional variability by four measures: species richness, beta diversity, nestedness and spatial turnover by using sliding windows, use R to process the species data and Google earth engine to process environmental data by aggregation, standardization and correlation regression. As a result, we got the map of spatial pattern of species richness, mean beta diversity, mean turnover and mean nestedness. In the map of spatial pattern of species richness, more than 2000 species are concentrated in the south-western part of CFR, along the mountain ridges. There are 3 kinds of environmental index which have relatively strong correlation with species richness: annual precipitation (“correlation coefficient (r) = 0.507), annual mean temperature (-0.227), and topography index, such as elevation standard deviation (0.283). And in the map of spatial pattern of mean beta diversity, the higher values (more than 0.25) are concentrated in the south-eastern part of study area. In the map of mean turnover, the location of higher values (more than 0.15) are around the whole south region. The higher values (more than 0.25) of mean nestedness are along the south-north and east-west mountain ridges, with similar location to the magnitude of gradient in the elevation map. Our study suggests that higher geodiversity would contain higher biodiversity, for example, the spatial pattern of most high species richness is distributed in the areas with higher elevation standard deviation. And our finding would contribute to better understanding of deeper mechanism of the interaction between the species and environment, which helps researchers to predict the future distribution of species and design protected area approximately under global climate change.",,0,,False,False,False,no_doi,Terrestrial,0.25519081950187683,"{""Estuarine/Coastal"": 0.2911165952682495, ""Freshwater"": 0.2924474775791168, ""Marine"": 0.2583174705505371, ""Terrestrial"": 0.5476382970809937}",Mixed,0.028310656547546387,"{""Phytoplankton"": 0.22219574451446533, ""Plants"": 0.33537307381629944, ""Vocal fauna"": 0.30706241726875305}",Statistical modeling,0.20497915148735046,"{""Field observation"": 0.2934539318084717, ""Machine learning"": 0.24371129274368286, ""Molecular / eDNA"": 0.3185523450374603, ""Perspective & synthesis"": 0.11044493317604065, ""Physics-based modeling"": 0.11281469464302063, ""Remote sensing"": 0.23267021775245667, ""Statistical modeling"": 0.5235314965248108}"
KST9CY6M,2026-02-26T00:09:01Z,BioSCape: Intrinsic Dimensionality as a Metric for Spectral Diversity,presentation,2022,https://cce.nasa.gov/biodiversity/meeting_2022/posters.html,,,,0,,False,False,False,no_doi,,,,,,,,,
UZ3UU5SW,2026-02-26T00:08:54Z,RadSCape: Radiative Transfer Simulation and Validation of the Dynamic Structural and Spectral Properties of the Vegetation of the Cape,presentation,2022,https://cce.nasa.gov/biodiversity/meeting_2022/posters.html,,,,0,,False,False,False,no_doi,,,,,,,,,
QKXPTGGP,2026-02-26T00:08:46Z,BioREaCH: Biodiversity-Remote sensing for Estuarine and Coastal Habitat research,presentation,2022,https://cce.nasa.gov/biodiversity/meeting_2022/posters.html,,,,0,,False,False,False,no_doi,,,,,,,,,
XLX8XMDF,2026-02-26T00:08:43Z,BioSoundSCape - Connecting Acoustics and Remote Sensing to Study Habitat-Animal Diversity Across Environmental Gradients,presentation,2022,https://cce.nasa.gov/biodiversity/meeting_2022/posters.html,,,,0,,False,False,False,no_doi,,,,,,,,,
XGXNUYNJ,2026-02-26T00:08:34Z,CyanoSCape: Freshwater Phytoplankton and Floating Aquatic Vegetation Biodiversity,presentation,2022,https://cce.nasa.gov/biodiversity/meeting_2022/posters.html,,,,0,,False,False,False,no_doi,,,,,,,,,
X3IZ2ZRR,2026-02-25T19:34:37Z,Intrinsic dimensionality and data fusion to monitor Cape biodiversity,presentation,2024,https://cce.nasa.gov/biodiversity/meeting_2024/agenda.html,,,,0,,False,False,False,no_doi,,,,,,,,,
IYQULL8E,2026-02-25T19:32:59Z,Near-Real-Time Forecasting and Change Detection for a Fire-Prone Shrubland Ecosystem,presentation,2022,https://cce.nasa.gov/biodiversity/meeting_2022/agenda.html,,,,0,,False,False,False,no_doi,,,,,,,,,
M9AVFTGV,2026-02-25T19:31:32Z,Cyanobacteria and Surface aquatic vegetation of the Cape freshwater systems (CyanoSCape): A Hyperspectral Data Campaign and Analysis,presentation,2025,https://cce.nasa.gov/biodiversity/meeting_2025/agenda.html,,,,0,,False,False,False,no_doi,,,,,,,,,
IF2YZ2R5,2026-02-25T19:30:26Z,BioSCape: Early results from NASA’s first biodiversity-focussed field campaign in South Africa,presentation,2023,https://agu.confex.com/agu/fm23/meetingapp.cgi/Paper/1384160,,"The United States’ National Aeronautics and Space Administration (NASA) is ramping up to its pre-2030 Surface Biology and Geology (SBG) and Plankton, Aerosol, Cloud, ocean Ecosystem (PACE) missions, which will see imaging spectroscopy data collected across the world’s land and oceans and distributed openly. This will accompany NASA’s space-borne lidar systems such as the Global Ecosystem Dynamics Investigation (GEDI) and Ice, Cloud and land Elevation Satellite 2 (ICESat 2), which are both useful for studying vegetation structure. Quantifying the ability of imaging spectroscopy and laser altimeter data to answer questions about the dimensions of biodiversity is therefore an urgent priority, and motivated NASA’s first ever biodiversity-focussed airborne campaign: BioSCape. BioSCape’s airborne sensors collected UVSWIR and TIR imaging spectroscopy and lidar data over terrestrial and aquatic targets in South Africa using four NASA instruments: Airborne Visible Infrared Imaging Spectrometer-Next Generation (AVIRIS-NG), Portable Remote Imaging Spectrometer (PRISM), Hyperspectral Thermal Emission Spectrometer (HyTES), and Land-Vegetation and Ice Sensor (LVIS).
BioSCape, or the Biodiversity Survey of the Cape, took place in the Greater Cape Floristic Region (GCFR) of South Africa in October - November 2023. The GCFR includes the intersections of eight terrestrial and six marine biomes and is known for its extreme topographic and environmental heterogeneity. BioSCape’s primary objective is to understand the structure, function, and composition of the region’s ecosystems, and to learn about how and why they are changing in time and space. The campaign collected remote sensing and field data to study biodiversity to better conserve nature and its contributions to people. BioSCape is organized around three major research themes aimed at understanding:

1. Shifting community composition;
2.Ecosystem disturbance, resilience, and recovery; and
3. Ecosystem function and its contribution to people.

BioSCape is preparing the scientific community for the next generation of earth observation and is pushing the boundaries of what is possible in remote sensing of biodiversity. In this presentation, we will share some of the campaign’s first data products.",,0,,False,False,False,no_doi,Terrestrial,0.061746031045913696,"{""Estuarine/Coastal"": 0.33709028363227844, ""Freshwater"": 0.3408088982105255, ""Marine"": 0.2963814437389374, ""Terrestrial"": 0.4025549292564392}",Mixed,0.005641371011734009,"{""Phytoplankton"": 0.2614514231681824, ""Plants"": 0.3155459463596344, ""Vocal fauna"": 0.3099045753479004}",Remote sensing,0.08589130640029907,"{""Field observation"": 0.5628373622894287, ""Machine learning"": 0.370309054851532, ""Molecular / eDNA"": 0.40919622778892517, ""Perspective & synthesis"": 0.36648204922676086, ""Physics-based modeling"": 0.36325061321258545, ""Remote sensing"": 0.6487286686897278, ""Statistical modeling"": 0.2807227075099945}"
2P98ZT8V,2026-02-25T19:29:55Z,BIOSCape - Mapping of phytoplankton functional types from space in support of coastal resource management and decision support activities,presentation,2025,https://cce.nasa.gov/biodiversity/meeting_2025/agenda.html,,,,0,,False,False,False,no_doi,,,,,,,,,
JCMQM9KV,2026-02-23T19:22:00Z,BioSCape: Biodiversity Survey of the Cape Airborne Campaign,presentation,2021,https://cce.nasa.gov/biodiversity/meetings/bef_2021.html#sec3,,,,0,,False,False,False,no_doi,,,,,,,,,
9T8LF5BY,2026-02-23T19:19:10Z,Forecasting and Change Detection in a Biodiversity Hotspot,presentation,2021,https://cce.nasa.gov/biodiversity/meetings/bef_2021.html#sec2,,,,0,,False,False,False,no_doi,,,,,,,,,
XUPZ7MBV,2026-02-23T19:17:03Z,BioSCape: Biodiversity Survey of the Cape,presentation,2022,https://cce.nasa.gov/biodiversity/meeting_2022/agenda.html,,,,0,,False,False,False,no_doi,,,,,,,,,
33KVN2D3,2026-02-23T19:16:41Z,Dimensions of Biodiversity in a Mega-Diverse Region of Southern Africa: from Traits to Communities to Ecosystems,presentation,2018,https://cce.nasa.gov/biodiversity/meetings/bef_spring2018.html,,,,0,,False,False,False,no_doi,,,,,,,,,
UW3FITP9,2026-02-23T18:55:36Z,BioSCape: Biodiversity Study of the Cape,presentation,2022,https://sbg.jpl.nasa.gov/news-events/slides-from-the-7th-sbg-community-webinar-available,,,,0,,False,False,False,no_doi,,,,,,,,,
QHBIY75L,2026-02-23T18:50:26Z,Monitoring Dimensions of Biodiversity in a Mega-Diverse Region of Southern Africa: from Traits to Communities to Ecosystems,presentation,2017,https://cce.nasa.gov/cce/biodiversity_2017/Day%202/Morning/ScopingStudyProject/Wilson_20170524_NASA.pdf,,,,0,,False,False,False,no_doi,,,,,,,,,
WMMHKW9S,2026-02-23T18:46:15Z,BioSCape: Early Results from the Biodiversity Survey of the Cape,presentation,2024,https://worldbiodiversityforum2024.org/wp-content/uploads/2024/07/proceedings_2024.html,,"The Biodiversity Survey of the Cape (BioSCape) is an international research project in the Greater Cape Floristic Region (GCFR) of South Africa. The domain covers two global biodiversity hotspots, with the richest temperate flora and the third-highest marine endemism in the world. The project will link satellite, airborne, and field data to improve our understanding of the region’s biodiversity and nature’s contributions to people. In other words, BioSCape will help scientists understand where biodiversity is, what it is doing, and why it matters. In late 2023, we collected airborne UVSWIR and TIR imaging spectroscopy and waveform lidar data over terrestrial and aquatic targets using four NASA instruments: Airborne Visible Infrared Imaging Spectrometer-Next Generation (AVIRIS-NG), Portable Remote Imaging Spectrometer (PRISM), Hyperspectral Thermal Emission Spectrometer (HyTES), and Land-Vegetation and Ice Sensor (LVIS). The team also conducted extensive fieldwork to capture several dimensions of biodiversity. The dataset is unprecedented in its instrument combination and level of detail, with nearly complete coverage of the electromagnetic spectrum at ~5m resolution and coincident full-waveform lidar acquisitions. We present early results from the project, emphasizing the integration of field data with remote sensing. All BioSCape data will be publicly accessible to help address the information and decision-support needs of stakeholders in the region and internationally.",,0,,False,False,False,no_doi,Terrestrial,0.08225193619728088,"{""Estuarine/Coastal"": 0.32214730978012085, ""Freshwater"": 0.3039897382259369, ""Marine"": 0.3368449807167053, ""Terrestrial"": 0.4190969169139862}",Mixed,0.019350647926330566,"{""Phytoplankton"": 0.28907081484794617, ""Plants"": 0.29889440536499023, ""Vocal fauna"": 0.3182450532913208}",Mixed,0.043278634548187256,"{""Field observation"": 0.5570366978645325, ""Machine learning"": 0.3634651005268097, ""Molecular / eDNA"": 0.4161461889743805, ""Perspective & synthesis"": 0.3391515612602234, ""Physics-based modeling"": 0.35779786109924316, ""Remote sensing"": 0.6003153324127197, ""Statistical modeling"": 0.2605648636817932}"
R5979ZDC,2026-02-20T01:49:48Z,CyanoSCape: Freshwater Phytoplankton and Floating Aquatic Vegetation Biodiversity of the South African Cape,presentation,2023,https://agu.confex.com/agu/fm23/meetingapp.cgi/Paper/1432971,,"In Southern Africa, the impacts of anthropogenic activities on biodiversity and ecosystem services are exacerbated by the climate crisis. Rapid land use change and the lack of emphasis on environmentally sustainable agricultural practices has hindered hydrological processes and compromised riverine and aquatic ecosystems. This poses obvious risks to natural/indigenous aquatic biodiversity and long-term ecosystem sustainability. Phytoplankton serve as the foundation of the freshwater food web. The diversity of phytoplankton includes photosynthesizing bacteria (cyanobacteria), plant-like diatoms, dinoflagellates, and green algae. Nutrient run-off from agricultural fertilizers and urban overflows, warm temperatures, abundant light availability and compromised hydrological systems provide an ideal environment for cyanobacteria and invasive floating aquatic vegetation (FAV) to flourish and can incur significant effects on the biodiversity of the overall phytoplankton assemblage.
The algal biodiversity of the Greater Cape Floristic Region’s freshwater systems is not well characterized. Hyperspectral optical observations (e.g, NASA BioSCape campaign) are expected to facilitate the improvement of current phytoplankton diversity, as the sensitivity is sufficient that the distinctive, fine spectral features of different phytoplankton groups can be detected. This will enable testing emerging algorithms and inform the development of new algorithms for use with current and planned hyperspectral satellite sensors in this decade. Innovations in optical sensor sensitivity and next generation machine learning capabilities considerably enhance the potential for accurate and rapid detection of phytoplankton, presence, extent, and diversity and additionally, invasive FAV.

The objectives of CyanoSCape are to utilize hyperspectral data with recently developed and next-generation algorithms to: 1) Determine the biodiversity of freshwater systems phytoplankton assemblages with emphasis on phytoplankton functional type (PFT) level distinction, including potentially toxic cyanobacteria and 2) monitor the prevalence and diversity of FAV that favor these environments.",,0,,False,False,False,no_doi,Marine,0.1020885705947876,"{""Estuarine/Coastal"": 0.4291793406009674, ""Freshwater"": 0.4683433771133423, ""Marine"": 0.5704319477081299, ""Terrestrial"": 0.46515390276908875}",Phytoplankton,0.255598247051239,"{""Phytoplankton"": 0.6659800410270691, ""Plants"": 0.4103817939758301, ""Vocal fauna"": 0.24437281489372253}",Mixed,0.04956433176994324,"{""Field observation"": 0.3969879448413849, ""Machine learning"": 0.2625420093536377, ""Molecular / eDNA"": 0.34742361307144165, ""Perspective & synthesis"": 0.1455981582403183, ""Physics-based modeling"": 0.14176787436008453, ""Remote sensing"": 0.22686901688575745, ""Statistical modeling"": 0.2937990427017212}"
DP4FFV39,2026-02-20T01:45:37Z,Trait evolution within the Protea of the Greater Cape Floristic Region of South Africa,presentation,2024,https://agu.confex.com/agu/agu24/meetingapp.cgi/Paper/1743879,,"Protea is a diverse genus of woody plants native to Africa, with roughly 112 species, most of which are endemic to the mediterranean shrublands of the Greater Cape Floristic Region (CGFR) of South Africa. Within the region the genus occupies a broad range of environments, ranging from bare rock on mountain tops to sandy flats along the coast. Many of the species also have incredibly narrow ranges and small populations, with some being only a single population. The high diversity and frequent environmental specificity of Protea have resulted in remarkable diversity in form and function, with leaf widths ranging from 1 to 100 millimeters and plant heights ranging from a few centimeters to up to 10 meters. We collected growth characteristics, leaf spectra and spectrally derived functional traits of 67 of the 70 endemic Protea of the GCFR. We combined these traits with a well resolved phylogeny and applied evolutionary models to decipher the mechanisms underpinning the adaptive radiation of the genus across the region. Through this study we seek to better understand long-term evolutionary processes and help monitor the plant diversity in the region.",,0,,False,False,False,no_doi,Terrestrial,0.3529815673828125,"{""Estuarine/Coastal"": 0.20004042983055115, ""Freshwater"": 0.2290458232164383, ""Marine"": 0.24490630626678467, ""Terrestrial"": 0.5978878736495972}",Plants,0.19192782044410706,"{""Phytoplankton"": 0.2549225986003876, ""Plants"": 0.44685041904449463, ""Vocal fauna"": 0.24178773164749146}",Mixed,0.0056549012660980225,"{""Field observation"": 0.2336176633834839, ""Machine learning"": 0.15335708856582642, ""Molecular / eDNA"": 0.32307514548301697, ""Perspective & synthesis"": 0.10559644550085068, ""Physics-based modeling"": 0.043724190443754196, ""Remote sensing"": 0.14269030094146729, ""Statistical modeling"": 0.328730046749115}"
SLNPIMBZ,2026-02-20T01:45:28Z,Impacts of Invasive Alien Trees on Biodiversity and Ecosystem Functioning in the Greater Cape Floristic Region,presentation,2024,https://agu.confex.com/agu/agu24/meetingapp.cgi/Paper/1598292,,"Coupled with land use and climate change, biological invasions are a major threat to biodiversity globally. In the Greater Cape Floristic Region (GCFR) of South Africa, a biodiversity hotspot, endemic and rare species are threatened by the proliferation of invasive alien plants, which impact nature’s contributions to people. Specifically, invasive alien trees (IATs) in this region extract more water and increase fuel loads relative to native species, increasing the severity of wildfires and disrupting natural disturbance regimes. More generally, IATs are expected to homogenize landscapes, impacting stability of productivity, among other functions. Monitoring and managing IATs is thus key to ensuring resilient ecosystems. In this work, we combine aerial remote sensing with novel approaches from causal inference, including multiple imputation to account for measurement error, to test ecological theory at scale. First, we combine AVIRIS-NG hyperspectral (380-2510 nm; 5 nm bandwidth; 5 m spatial resolution), LVIS lidar (RH100; 7 m footprint), and field observations to map IATs across a 1000-km2 swath of the GCFR. Second, we investigate the role of biodiversity for a community’s ability to resist invasion and the effects of invasion on biodiversity and ecosystem functioning.
To map the presence of IATs at high resolution, we fuse lidar and hyperspectral products to separate invaded vs. native vegetation via machine learning classification, achieving high-accuracy (>80% accuracy for 800 points) due to differences in NIR reflectance (~800 nm), SWIR reflectance (~1600 nm) and canopy height between IATs and native species. Among IATs, classification accuracy varies significantly, with only moderate separability among gum and wattle. Nonetheless, with high accuracy in distinguishing IATs from native stands, we address three hypotheses relating to invasion status across the landscape: 1) Diversity decreases invasibility, 2) IATs increase alpha-diversity, but decrease beta-diversity, and 3) IATs negatively impact ecosystem functioning, including productivity and its stability, both directly and indirectly via impacts to diversity. Overall, our inferences confirm ecological theory, indicating both the utility of remote sensing for monitoring IATs and the need for management that addresses IAT impacts.",,0,,False,False,False,no_doi,Terrestrial,0.19961509108543396,"{""Estuarine/Coastal"": 0.25532031059265137, ""Freshwater"": 0.3029707372188568, ""Marine"": 0.2847472131252289, ""Terrestrial"": 0.5025858283042908}",Plants,0.11823242902755737,"{""Phytoplankton"": 0.16223490238189697, ""Plants"": 0.37608790397644043, ""Vocal fauna"": 0.25785547494888306}",Mixed,0.009680390357971191,"{""Field observation"": 0.42084839940071106, ""Machine learning"": 0.3751128613948822, ""Molecular / eDNA"": 0.29162299633026123, ""Perspective & synthesis"": 0.22954252362251282, ""Physics-based modeling"": 0.2882177233695984, ""Remote sensing"": 0.3938104808330536, ""Statistical modeling"": 0.43052878975868225}"
W9LTT2QW,2026-02-20T01:39:31Z,Enhancing Mediterranean Biodiversity Monitoring in South Africa via Machine Learning and Cost-Effective UAS Imagery,presentation,2024,https://agu.confex.com/agu/agu24/meetingapp.cgi/Paper/1528135,,"The Greater Cape Floristic Region (GCFR) of South Africa is renowned for its extraordinary plant diversity and high rates of endemism. This hyperdiverse ecosystem, however, is under threat from habitat loss, altered fire regimes, and invasive species. Consequently, developing effective monitoring and management strategies are crucial for its conservation. While satellite remote sensing offers a promising avenue for biodiversity monitoring, its utility is often limited by the spatial resolution of available imagery. The GCFR's open shrublands cause soils, stems, and other surfaces to significantly influence the observed reflectance. Vegetation conditions vary widely due to seasonal changes, natural disturbances like fire or drought, and long-term post-disturbance recovery. These dynamics are further complicated by the region's inherent species diversity. In the past decade, researchers have increasingly utilized unmanned aerial systems (UAS), or drones, which provide high spatial resolution imagery, capable of capturing fine-scale vegetation dynamics. Here we aim to demonstrate the efficacy of high-resolution UAS multispectral imagery in classifying post-fire areas and mapping diversity within the shrubland fynbos biome of the GCFR. Evaluating this fire-prone system as a function of the time since the last fire is essential for understanding its ecological dynamics and resilience. Our methodology is grounded in the spectral variation hypothesis (SVH) and leverages optimal spectral and textural features derived from UAS imagery to distinguish between different burned areas, followed by an estimation of alpha diversity at fine scales. We employed machine learning techniques and the sequential feature selection (SFS) method to identify optimal spectral and textural features to classify different burned areas within the imagery. A support vector machine (SVM) classifier achieved promising classification results, with an overall accuracy of 96%, and a precision, recall, and F1 score of 97.47%. Utilizing these optimal features and the Shannon diversity index (H) from ground truth samples, we applied a similarity metric, namely the Euclidean distance, to map alpha diversity across varied burned areas within the fynbos biome. This study highlights the value of using cost-effective remote sensing technologies, like UAS, in ecological research to classify post-fire burned areas through spectral dynamics and assess biodiversity status, providing insights into post-disturbance recovery.",,0,,False,False,False,no_doi,Terrestrial,0.256391316652298,"{""Estuarine/Coastal"": 0.2614969313144684, ""Freshwater"": 0.2887323796749115, ""Marine"": 0.2634669840335846, ""Terrestrial"": 0.5451236963272095}",Plants,0.09029734134674072,"{""Phytoplankton"": 0.19215379655361176, ""Plants"": 0.35156384110450745, ""Vocal fauna"": 0.2612664997577667}",Mixed,0.0024870634078979492,"{""Field observation"": 0.4481990337371826, ""Machine learning"": 0.45534181594848633, ""Molecular / eDNA"": 0.2817537486553192, ""Perspective & synthesis"": 0.31200963258743286, ""Physics-based modeling"": 0.2838919162750244, ""Remote sensing"": 0.4578288793563843, ""Statistical modeling"": 0.3141605854034424}"
B5243F9I,2026-02-20T01:37:15Z,Mapping Soil Salinity across Coastal Wetlands with Airborne Imaging Spectroscopy,presentation,2024,https://agu.confex.com/agu/agu24/meetingapp.cgi/Paper/1695897,,"Soil salinity is a key environmental control on vegetation community composition and plant stress. In the context of global change, coastal wetland environments are experiencing salinity changes induced by relative sea level rise as well as altered storm patterns. These shifts in salinity regimes can diminish plant productivity and carbon storage capabilities in wetlands, and even cause plant dieback, exacerbating wetland loss. To quantify wetland processes in the global carbon cycle, it is essential to develop a framework linking salinity changes to plant stress, community composition changes, and wetland carbon fluxes. Targeted high-resolution observations with airborne imaging spectrometers in concert with in-situ soil sampling and spectroscopic measurements provide the best opportunity to develop these analytical tools. We collected data in 2023 as part of NASA’s BioSCape campaign in South Africa’s estuaries, including field data quantifying wetland vegetation composition and local salinity measurements in coordination with overflights by the Airborne Visible/Infrared Imaging Spectrometer—Next Generation (AVIRIS-NG). Additional data was collected in Carpinteria, California, in April 2024 by AVIRIS-3, with coincident in situ soil samples—processed in a lab setting to measure salt content—and visible-shortwave infrared (VSWIR) reflectance measurements. A model to estimate soil salinity based on reflectance was developed from these data (n=32, R2=0.898, mean absolute error = 0.005 g salt per g dry soil). We then used multiple endmember spectral mixture analysis (MESMA) to estimate soil percent cover per pixel and applied our model to both sites in the applicable pixels. In doing so, we produced accurate maps of wetland soil salinity and investigated community composition as a function of salinity, while also assessing the potential for a generalizable salinity algorithm.",,0,,False,False,False,no_doi,Estuarine/Coastal,0.07423719763755798,"{""Estuarine/Coastal"": 0.4853445291519165, ""Freshwater"": 0.4111073315143585, ""Marine"": 0.3730916678905487, ""Terrestrial"": 0.396618127822876}",Plants,0.05890741944313049,"{""Phytoplankton"": 0.30627861618995667, ""Plants"": 0.36581680178642273, ""Vocal fauna"": 0.30690938234329224}",Field observation,0.12764552235603333,"{""Field observation"": 0.5652419924736023, ""Machine learning"": 0.29179662466049194, ""Molecular / eDNA"": 0.34203556180000305, ""Perspective & synthesis"": 0.24948251247406006, ""Physics-based modeling"": 0.24154944717884064, ""Remote sensing"": 0.43759647011756897, ""Statistical modeling"": 0.24359755218029022}"
QIXFWJIL,2026-02-20T01:31:19Z,"Optical variability of dissolved organic material within coastal and inland water bodies around the Greater Cape Floristic Region, South Africa",presentation,2024,https://agu.confex.com/agu/agu24/meetingapp.cgi/Paper/1674178,,"The Greater Cape Floristic Region of southern Africa is outlined by coastal bays that receive terrigenous dissolved organic matter (DOM) from rivers draining dammed reservoirs. Optical properties of these coastal waters can provide insight into DOM concentration and quality, and enable monitoring of DOM dynamics from remote sensing platforms. As part of NASA's BioSCape field campaign (October-November 2023), we examined optical properties of three coastal bays: St. Helena Bay, Walker Bay, and Algoa Bay, and four inland water bodies, in relation to DOM biogeochemistry and carbon cycling. We measured the absorption properties of colored dissolved organic matter (CDOM), including the absorption coefficient at 300 nm (ag,300) and the spectral slope from 275-295 nm (S275-295), as well as fluorescence excitation-emission matrices (EEMs) to better characterize the optical complexity associated with terrestrial influences on these coastal margins. We found generally low ag,300 values (0.5 – 2.8 m-1) in the bays, and much higher values (25 – 71 m-1) in the inland water bodies and, conversely, higher S275-295 values in the bays (0.020 – 0.031 nm-1) than in the inland waters (0.012 – 0.019 nm-1). Additionally, we fit a four component Parallel Factor Analysis (PARAFAC) model which captured 96% of fluorescence variability within the dataset. Two components were associated with terrestrially derived humic material, and two resembled protein-like degradation products indicative of bacterial utilization. Coastal samples were mostly composed (> 75%) of protein-like products, while inland water samples were mostly composed (> 77%) of terrigenous humic materials. For all components, fluorescence intensities were significantly higher (t-test, p < 0.005) in the inland waters than in the coastal waters. Finally, we used coincident in situ remote sensing reflectance and ag,300 measurements to optimize a multilinear regression algorithm designed for monitoring ag,300 using Sentinel-3 OLCI. Timeseries analysis in each of the three bays revealed extended periods of drought punctuated by heavy bouts of precipitation over each rivers’ watersheds, which had a significant impact on CDOM distribution across the land-water continuum.",,0,,False,False,False,no_doi,Mixed,0.01100015640258789,"{""Estuarine/Coastal"": 0.4729976952075958, ""Freshwater"": 0.4129648506641388, ""Marine"": 0.46199753880500793, ""Terrestrial"": 0.3473496735095978}",Phytoplankton,0.19072896242141724,"{""Phytoplankton"": 0.4266339838504791, ""Plants"": 0.2359050214290619, ""Vocal fauna"": 0.21670643985271454}",Field observation,0.15501567721366882,"{""Field observation"": 0.4621828496456146, ""Machine learning"": 0.14566591382026672, ""Molecular / eDNA"": 0.2898917496204376, ""Perspective & synthesis"": 0.13815253973007202, ""Physics-based modeling"": 0.3071671724319458, ""Remote sensing"": 0.3058187961578369, ""Statistical modeling"": 0.24736997485160828}"
MIC73JBK,2026-02-20T01:30:01Z,"Enabling Coastal wetland monitoring across scales with lidar, imaging spectroscopy, and very high-resolution satellite imagery.",presentation,2024,https://agu.confex.com/agu/agu24/meetingapp.cgi/Paper/1564992,,"Coastal wetlands provide critical ecosystem services, including biodiversity, carbon sequestration, and flood protection. Species and community-level mapping efforts have been limited in scope. As part of the BioSCape science team, we collected field data that overlapped temporally and spatially with the airborne data collection. We used these data and satellite imagery to map coastal wetlands and the impact of tidal range and relative sea level rise on community distribution. Across the 83 estuaries mapped, We mapped a total of 9130.311±1596.69 ha of salt marsh & reed beds and 1718.6 ± 234.25 ha of Submerged Aquatic Vegetation (SAV). These classes were mapped with an overall accuracy of 90.8%. We also spatially predicted species diversity for all estuaries, finding that 68.7 percent had some extent of high coastal wetland species richness (>5 coastal wetland species). In total, we mapped 1464.5 ha of high coastal wetland species richness. In addition to our earth observation analysis, we calculated relative sea level rise trends and tidal amplitude for twenty tidal gauges across the region. We found tidal amplitude to be a significant driver of salt marsh extent, explaining 33.6% of the variation in salt marsh extent (F (1,19) = 9.62, p = .005). We highlight the novel utilization of the BioSCape airborne data for understanding coastal wetlands. 1) We analyzed coastal wetland vegetation by comparing the structural characteristics of Swartvlei and Langebaan with Land, Vegetation, and Ice Sensor (LVIS), field data, and a coastal DTM. We found significant structural differences between estuaries and vegetation types. 2) We map species distributions across the coastal wetland extent of Langebaan Lagoon with in situ spectral signatures and Multiple Endmember Spectral Mixture Analysis (MESMA). Our study demonstrates the utilization of cutting-edge airborne datasets with satellite remote sensing to improve our understanding of coastal wetland biodiversity and develop critical baselines for future long-term monitoring in support of the Global Biodiversity Framework (GBF) and Sustainable Development Goals (SDG).",,0,,False,False,False,no_doi,Estuarine/Coastal,0.06570661067962646,"{""Estuarine/Coastal"": 0.5962429046630859, ""Freshwater"": 0.5305362939834595, ""Marine"": 0.4693250060081482, ""Terrestrial"": 0.3540009558200836}",Mixed,0.030342280864715576,"{""Phytoplankton"": 0.3516354262828827, ""Plants"": 0.38197770714759827, ""Vocal fauna"": 0.32406729459762573}",Field observation,0.13413545489311218,"{""Field observation"": 0.5150964260101318, ""Machine learning"": 0.31250500679016113, ""Molecular / eDNA"": 0.31157317757606506, ""Perspective & synthesis"": 0.23865343630313873, ""Physics-based modeling"": 0.14369778335094452, ""Remote sensing"": 0.38096097111701965, ""Statistical modeling"": 0.3490295708179474}"
37FBP2GX,2026-02-20T01:28:02Z,Hyperspectral optical signatures of canopy-forming macroalgae in the Western Cape province of South Africa,presentation,2024,https://agu.confex.com/agu/agu24/meetingapp.cgi/Paper/1632503,,"Kelp forests support the biodiversity and high rates of production found in the subtidal coastal habitats of the Western Cape province of South Africa, in part, by providing three-dimensional structure and food to many organisms. Kelp forest habitats also confer social and economic services to human populations. Temporal variability in the regional distributions, abundance, and physiological state of the region’s canopy-forming (both floating and submerged) kelp taxa—namely Ecklonia, Macrocystis, and Laminaria—modify the ecosystem services provided by kelp forests to the region, but gaps remain in the coverage of kelp forest monitoring programs. Recent remote sensing advances support new opportunities to improve the monitoring and study of the region’s kelp forests using airborne and satellite observations, but require field activities to validate remote sensing products. A hyperspectral optical field survey of canopy-forming kelps was conducted during November 2023 as part of the NASA Biodiversity Survey of the Cape (BioSCape) campaign, with the objective of characterizing spectral signatures of Western Cape kelp forests and quantifying spectral variability related to taxonomy and physiological condition. Kelp forests were sampled at 15 coastal sites between St. Helena Bay and Cape Agulhas in coordination with contemporaneous airborne and satellite observations. The remote sensing observations include hyperspectral maps obtained from airborne surveys using the NASA next-generation Airborne Visible/Infrared Imaging Spectrometer (AVIRIS-NG) system and multispectral maps obtained from very-high resolution Planet SkySat satellite imagery. Ground samples were assessed using field spectroscopy combined with laboratory elemental analysis to relate spectral characteristics across sites with taxonomic and physiological differences. Preliminary findings of the NASA BioSCape field and remote sensing kelp forest surveys are presented, and upcoming plans for follow-on collaborative research activities are described.",,0,,False,False,False,no_doi,Terrestrial,0.09501791000366211,"{""Estuarine/Coastal"": 0.4167636036872864, ""Freshwater"": 0.3541565537452698, ""Marine"": 0.4121868908405304, ""Terrestrial"": 0.5117815136909485}",Mixed,0.017822295427322388,"{""Phytoplankton"": 0.37868717312812805, ""Plants"": 0.39650946855545044, ""Vocal fauna"": 0.35020577907562256}",Field observation,0.08029699325561523,"{""Field observation"": 0.523210883140564, ""Machine learning"": 0.3356279134750366, ""Molecular / eDNA"": 0.3296591639518738, ""Perspective & synthesis"": 0.2332143634557724, ""Physics-based modeling"": 0.2676887512207031, ""Remote sensing"": 0.44291388988494873, ""Statistical modeling"": 0.2983623147010803}"
ZCWHI3NX,2026-02-20T01:21:32Z,Optimizing Bio-Optical Field Data Collections for Airborne Campaigns: Insights from NASA's BioSCape program in South Africa,presentation,2024,https://agu.confex.com/agu/agu24/meetingapp.cgi/Paper/1692011,,"BioSCape is an integrated field and airborne campaign that used airborne hyperspectral data from AVIRIS-NG and PRISM aimed at mapping the biodiversity of the Cape Floristic Region of South Africa, one of the world's 36 biodiversity hotspots. It was conducted in the Fall of 2023, only a few months before the launch of NASA’s Plankton, Aerosol, Cloud, ocean Ecosystem (PACE), a mission equipped with an advanced suite of hyperspectral radiometric and polarimetric instruments, aimed at revolutionizing biodiversity mapping and ecosystem change analysis. The success of PACE for developing products for mapping aquatic biodiversity and evaluating ecosystem change studies, will depend on well-designed field campaigns that maximize bio-optical data collections, essential for validating remote measurements of water-leaving radiances. Data collected during our BioSCape survey, and the lessons learned in designing and coordinating field and airborne campaigns in transitional coastal waters are of relevance to PACE and its hyperspectral capabilities especially in coastal waters. This presentation will discuss field sampling strategies employed by us to overcome the challenges of sampling in ecologically distinct bays along South Africa’s long coastline. Measurements were undertaken on two coastal survey vessels, one that allowed us to make optical and biogeochemical measurements continuously and at discrete stations along a single flight line, and the other perpendicular to the flight path, that permitted optical measurements across several flight lines. This sampling strategy planned in close coordination with the aircraft team helped maximize our bio-optical and biogeochemical data collections across diverse bio-optical water types which were vital to the campaign's success.",,0,,False,False,False,no_doi,Mixed,0.01794290542602539,"{""Estuarine/Coastal"": 0.4246072769165039, ""Freshwater"": 0.3761783242225647, ""Marine"": 0.4425501823425293, ""Terrestrial"": 0.41111642122268677}",Phytoplankton,0.05479207634925842,"{""Phytoplankton"": 0.37553516030311584, ""Plants"": 0.3029383420944214, ""Vocal fauna"": 0.3207430839538574}",Field observation,0.09056717157363892,"{""Field observation"": 0.6001311540603638, ""Machine learning"": 0.3413294553756714, ""Molecular / eDNA"": 0.4135045111179352, ""Perspective & synthesis"": 0.33803048729896545, ""Physics-based modeling"": 0.4085274934768677, ""Remote sensing"": 0.5095639824867249, ""Statistical modeling"": 0.30033689737319946}"
GTFT68VG,2026-02-20T01:16:00Z,Toward Validating Virtual Models of Complex Shrubland Ecosystems for Next-Generation Airborne LiDAR Studies,presentation,2025,https://agu.confex.com/agu/agu25/meetingapp.cgi/Paper/1917446,,"The application of airborne and spaceborne light detection and ranging (LiDAR) for characterizing and monitoring low‑stature ecosystems, such as- rangelands, wetlands (bogs, fens, swamps, marshes), and polar ecosystems (tundra, taiga), presents unique challenges compared to its established use in forested environments. These challenges stem primarily from the short, dense nature of vegetation and the limited ability of LiDAR to discriminate between ground and vegetation returns in low-stature environments. Real world assessment of these limitations is difficult due to the scarcity of repeat surveys with multiple sensor configurations in such ecosystems. Physics-based simulation tools, like Digital Imaging and Remote Sensing Image Generation (DIRSIG), offer a way to overcome such limitations by generating realistic multimodal LiDAR datasets and exploring system performance boundaries. In this study, we developed multiple post-fire virtual scenes representing different levels of maturity, for the highly diverse fynbos shrubland biome present in South Africa’s Cape Floristic Region (CFR). These scenes were constructed using realistic 3D models of individual species, derived from field surveys, that combined spectral and structural measurements. We focus on the structural validation of these virtual scenes by comparing structural traits derived from high-density simulated LiDAR data with corresponding traits measured from field-based structure‑from‑motion (SfM) surveys. This validation establishes the reliability of the virtual scenes and lays the groundwork for their use in future studies aimed at informing next-generation LiDAR system specifications for complex low-stature ecosystems.",,0,,False,False,False,no_doi,Terrestrial,0.1886948049068451,"{""Estuarine/Coastal"": 0.3214662969112396, ""Freshwater"": 0.32003530859947205, ""Marine"": 0.31885042786598206, ""Terrestrial"": 0.5101611018180847}",Plants,0.05320337414741516,"{""Phytoplankton"": 0.23493538796901703, ""Plants"": 0.349617063999176, ""Vocal fauna"": 0.29641368985176086}",Field observation,0.07632559537887573,"{""Field observation"": 0.5158452391624451, ""Machine learning"": 0.38884973526000977, ""Molecular / eDNA"": 0.24950215220451355, ""Perspective & synthesis"": 0.3425556719303131, ""Physics-based modeling"": 0.3411058485507965, ""Remote sensing"": 0.43951964378356934, ""Statistical modeling"": 0.29506874084472656}"
CFQBFIAX,2026-02-20T01:04:19Z,BIOSCape - Mapping of phytoplankton functional types from space in support of coastal resource management and decision support activities,presentation,2024,https://agu.confex.com/agu/agu24/meetingapp.cgi/Paper/1711634,,"Sheltered bays along South Africa's coastline are highly productive and its phytoplankton communities extraordinarily biodiverse. This biodiversity of organisms at the bottom of the food chain, vital for fisheries, tourism, and biodiversity, is facing increasing threats from climate change, especially extreme temperatures, hypoxia etc that are favoring outbreaks of Harmful Algal Blooms (HABs). Monitoring these detrimental changes, critical for stakeholders, remains challenging due to the ecological complexity and varying environmental conditions. As part of our BioSCAPE study, we developed a hyperspectral radiometric method that is based on the Multi-pigment inversion model (MuPI), to map the spatial distribution of phytoplankton functional types (PFTs) across environmental gradients within three ecologically distinct and socio-economically vital bays, i.e. St. Helena, Walker and Algoa. MuPI takes advantage of the unique hyperspectral remote sensing reflectance (Rrs) signals arising from phytoplankton pigment variability to detect specific PFTs. Field data, that includes optical, microscopic, phytoplankton pigment, and e-DNA data collected during the BioSCape campaign (Oct.-Nov. 2023), were used disentangle phytoplankton Rrs signatures from other seawater components like minerals and organic matter. The residual Rrs signals were then analyzed to detect different pigments, allowing discrimination of specific PFTs. MuPI was then applied to hyperspectral AVIRIS-NG and PRISM sesnors that were flown during the BIOSCape field campaign. Initial results show diatom dominance in Algoa Bay and a higher prominence of dinoflagellates in St. Helena Bay, which is consistent with the in-situ observations. Additionally, blooms of Mesodinium sp. in St. Helena Bay and Red Noctiluca scintillans in Walker Bay were captured and modeled. The model was also extended to other satellite data (Landsat OLI, Sentinel-3 OLCI, and PACE) to generate satellite maps of PFTs with associated uncertainties. These satellite maps will enhance understanding of biodiversity distribution and abundance along South Africa's coast, shedding light on the feedbacks between global change, biodiversity shifts, and ecosystem services.",,0,,False,False,False,no_doi,Marine,0.17167246341705322,"{""Estuarine/Coastal"": 0.4306030869483948, ""Freshwater"": 0.3560466468334198, ""Marine"": 0.602275550365448, ""Terrestrial"": 0.2968820333480835}",Phytoplankton,0.2929442822933197,"{""Phytoplankton"": 0.5769791603088379, ""Plants"": 0.2840348780155182, ""Vocal fauna"": 0.2631569504737854}",Mixed,0.016305923461914062,"{""Field observation"": 0.37521693110466003, ""Machine learning"": 0.2628791332244873, ""Molecular / eDNA"": 0.27482083439826965, ""Perspective & synthesis"": 0.08740267902612686, ""Physics-based modeling"": 0.2999371886253357, ""Remote sensing"": 0.3236289918422699, ""Statistical modeling"": 0.3915228545665741}"
462WXT63,2026-02-20T01:04:11Z,BIOSCape - Mapping of phytoplankton functional types (PFTs) from space in support of coastal resource management and decision support activities,presentation,2024,https://cce.nasa.gov/biodiversity/meeting_2024/agenda.html,,,,0,,False,False,False,no_doi,,,,,,,,,
ZMQKWC62,2026-02-20T01:04:03Z,Monitoring Dimensions of Biodiversity in a Mega-Diverse Region of Southern Africa: from Traits to Communities to Ecosystems,presentation,2018,https://agu.confex.com/agu/fm18/meetingapp.cgi/Paper/395772,,"The Greater Cape Floristic Region (GCFR) of South Africa includes marine and terrestrial biomes with species diversity rivaling mega-diverse tropical rainforests in a compact area (300x700km). Extinction risk studies suggest that GCFR species are among the most vulnerable to climate change over the next 50 years. I present a scoping proposal commissioned by NASA to develop a field campaign to measure and monitor the distribution and abundance of biodiversity with new remotely-sensed data and the rich historical data in this region. I will summarize the central questions to be addressed by this field campaign and lay out the proposed study design to integrate satellite, airborne, and in situ data collection. Our plan centers around the collection of new hyperspectral imagery from AVIRIS-NG, PRISM, and HyTES spectrometers combined with the LVIS laser altimeter. These data will be collected at approximately 20 m spatial resolution across much of the GCFR and nearby aquatic and marine ecosystems. These data will then be combined with existing and new observations of the spatial distribution of community composition and functional traits to enable high resolution mapping and modeling of several essential biodiversity variables (EBVs) including species distributions, functional traits (including leaf properties), and three-dimensional canopy structure. Given the wealth of available independent in situ data available that can be brought to bear, the GCFR is an ideal system to fully evaluate the capabilities of remote-sensing technology to characterize biodiversity patterns across diverse landscapes in a relatively compact geographic area. In combination with the rich historical data and well-developed ecological understanding in this region, these new observations will enable detailed exploration into the drivers and mechanisms of change including the feedbacks from changing biodiversity to regional climate, disturbance, post-fire recovery, freshwater provisioning, and other ecosystem services.",,0,,False,False,False,no_doi,Terrestrial,0.19344204664230347,"{""Estuarine/Coastal"": 0.31291693449020386, ""Freshwater"": 0.2998964786529541, ""Marine"": 0.2662167251110077, ""Terrestrial"": 0.5063589811325073}",Mixed,0.00015163421630859375,"{""Phytoplankton"": 0.2531123757362366, ""Plants"": 0.2955167591571808, ""Vocal fauna"": 0.2956683933734894}",Mixed,0.047885775566101074,"{""Field observation"": 0.47670066356658936, ""Machine learning"": 0.30231815576553345, ""Molecular / eDNA"": 0.35651370882987976, ""Perspective & synthesis"": 0.3217623829841614, ""Physics-based modeling"": 0.30109691619873047, ""Remote sensing"": 0.5245864391326904, ""Statistical modeling"": 0.33753207325935364}"
3RWSFA42,2026-02-20T01:03:56Z,Remote Sensing for Biodiversity: Insights from the BioSCape Campaign,presentation,2025,https://agu.confex.com/agu/agu25/meetingapp.cgi/Paper/1910971,,"BioSCape (Biodiversity Survey of the Cape) is NASA’s first biodiversity-focused airborne and field campaign, designed to advance understanding of ecosystem structure, function, and composition, and how these are changing over time and space in South Africa’s Greater Cape Floristic Region. This international collaboration involving ~160 US and South African scientists across 19 sub-projects produced an unprecedented, open-access dataset spanning 45,000 km², integrating imaging spectroscopy (AVIRIS-NG, PRISM, HyTES), LiDAR (LVIS, ELMAP-V), and extensive ground data from ~2,600 plots. Data are publicly archived at ORNL DAAC and accessible via a cloud computing environment, fostering open science and reproducibility. In this presentation, we will summarize the results to date across the BioSCape project, highlighting key scientific outcomes from both terrestrial and aquatic landscapes. We will also discuss some of the broader implications of the project, including laying the groundwork for achieving ethical and equitable benefit-sharing via compliance with the Nagoya Protocol. A core principle of BioSCape is ""use-inspired science,"" which involves co-developing research questions with local partners to directly address pressing conservation and resource management challenges. This ensures that our scientific findings translate into actionable data products for decision-makers in South Africa and globally. For example, BioSCape's data and products are already informing conservation and resource management efforts, including kelp range maps for ecosystem classification and woody invasive alien plant maps that feed into national ecosystem condition assessments. The project's contributions have already been recognized in the 2024 State of Environment Outlook Report for the Western Cape Province.",,0,,False,False,False,no_doi,Terrestrial,0.09855782985687256,"{""Estuarine/Coastal"": 0.3342670202255249, ""Freshwater"": 0.3229726254940033, ""Marine"": 0.3514326512813568, ""Terrestrial"": 0.44999048113822937}",Mixed,0.037713319063186646,"{""Phytoplankton"": 0.27128177881240845, ""Plants"": 0.3081717789173126, ""Vocal fauna"": 0.34588509798049927}",Mixed,0.01603531837463379,"{""Field observation"": 0.5288453698158264, ""Machine learning"": 0.41300103068351746, ""Molecular / eDNA"": 0.4579436480998993, ""Perspective & synthesis"": 0.5128100514411926, ""Physics-based modeling"": 0.29265639185905457, ""Remote sensing"": 0.472831130027771, ""Statistical modeling"": 0.3246188759803772}"
2Z3QPDDG,2026-02-20T01:03:51Z,The Spectrum of Life: A short film about the Biodiversity Survey of the Cape,presentation,2024,https://agu.confex.com/agu/agu24/meetingapp.cgi/Paper/1622877,,"All organisms have a unique fingerprint, with diverse communities on land and in water reflecting sunlight in distinctive ways. These fingerprints can provide clues about an ecosystem’s characteristics, such as how biodiverse it is, how it functions, which communities thrive in particular environments, how much chlorophyll and other pigments are present in a lake and how much water is held in a forest canopy. The link between spectral fingerprints and ecosystem characteristics unlocks the potential to measure biodiversity using NASA’s next-generation of remote sensing technology, including imaging spectroscopy.
The Spectrum of Life is a short documentary about how the BioSCape project is exploring the use of imaging spectroscopy and other tools to measure biodiversity in one of the most biodiverse regions on the planet - South Africa’s Greater Cape Floristic Region. The film features insights from and experiences with local and international researchers collaborating to push the boundaries of global biodiversity science - all weaved together with an audiovisual celebration of the region’s exceptional diversity.",,0,,False,False,False,no_doi,Terrestrial,0.06407859921455383,"{""Estuarine/Coastal"": 0.3979194462299347, ""Freshwater"": 0.37006694078445435, ""Marine"": 0.44808629155158997, ""Terrestrial"": 0.5121648907661438}",Vocal fauna,0.0662497878074646,"{""Phytoplankton"": 0.3974524140357971, ""Plants"": 0.3648429214954376, ""Vocal fauna"": 0.4637022018432617}",Field observation,0.07612937688827515,"{""Field observation"": 0.5637258887290955, ""Machine learning"": 0.3805426061153412, ""Molecular / eDNA"": 0.4875965118408203, ""Perspective & synthesis"": 0.30228447914123535, ""Physics-based modeling"": 0.27966228127479553, ""Remote sensing"": 0.42696478962898254, ""Statistical modeling"": 0.3248369097709656}"
DXFMIHWS,2026-02-20T01:03:47Z,Biodiversity Survey of the Cape (BioSCape),presentation,2025,https://cce.nasa.gov/biodiversity/meeting_2025/agenda.html,,,,0,,False,False,False,no_doi,,,,,,,,,
26Z9FIZY,2026-02-20T01:03:43Z,Biodiversity Dynamics and Ecosystem Resilience in Disturbance-Prone Ecosystems: Integrating Field and Remote Sensing Observations,presentation,2023,https://cce-datasharing.gsfc.nasa.gov/conferences/absbyid/19/35/h/1/,,"Ecosystem resilience refers to an ecosystem's ability to withstand environmental disturbances like droughts, storms, wildfires, and other extreme events while maintaining its composition, structure, and function. Improving our understanding of ecological resilience can help with managing and planning for societal resilience. However, a global perspective on how biodiversity and ecosystem functions respond to and recover from environmental perturbations is currently lacking. Since many ecosystems depend on specific disturbance regimes for their persistence (e.g. fire, herbivory, flood), “perturbation” is context-specific, and can be the occurrence or absence of a disturbance event. To systematically map and monitor natural disturbance regimes and compare how different ecosystems respond to stress, integrating field and remote sensing observations is necessary. Remote sensing provides globally and temporally consistent observations to monitor ecosystem dynamics, the occurrence of and responses to events such as wildfire, land-use change, or climate extremes. However, field-based studies are critical to understanding the mechanistic basis of change and how biodiversity can enhance an ecosystem's ability to resist perturbations and recover from them. To produce reliable estimates through time, continuous collection and integration of remote sensing data with field data are necessary. This talk will summarize some challenges of addressing these questions in disturbance-prone ecosystems such as savannas and shrublands, where it is difficult to disentangle natural variability from a state change.  Building mechanistic understanding will enable forecasting and potential management of how ecosystems will respond to future environmental change.",,0,,False,False,False,no_doi,Mixed,0.025616884231567383,"{""Estuarine/Coastal"": 0.27005866169929504, ""Freshwater"": 0.371904194355011, ""Marine"": 0.30400365591049194, ""Terrestrial"": 0.3462873101234436}",Mixed,0.021458089351654053,"{""Phytoplankton"": 0.23970423638820648, ""Plants"": 0.28186479210853577, ""Vocal fauna"": 0.3033228814601898}",Mixed,0.04874351620674133,"{""Field observation"": 0.37322884798049927, ""Machine learning"": 0.34644538164138794, ""Molecular / eDNA"": 0.3005305230617523, ""Perspective & synthesis"": 0.19824308156967163, ""Physics-based modeling"": 0.21622614562511444, ""Remote sensing"": 0.2188977748155594, ""Statistical modeling"": 0.4219723641872406}"
G6RLD45R,2026-02-20T01:03:37Z,Biodiversity Survey of the Cape ( BioSCape ),presentation,2021,https://agu.confex.com/agu/fm21/meetingapp.cgi/Paper/800229,,"We provide an overview of the first ever NASA Biodiversity campaign, to be flown in 2023. Incorporating airborne imaging spectroscopy, lidar, and field observations, the campaign will explore the structure, composition, function and threats to biodiversity across South Africa’s Greater Cape Floristic Region (GCFR), including freshwater, coastal and marine environments. The GCFR contains two Global Biodiversity Hotspots with the richest temperate flora and the third highest marine endemism in the world. The field campaign includes collection of new hyperspectral data ranging from UV to thermal wavelengths acquired by PRISM, AVIRIS-NG, and HyTES spectrometers combined with the LVIS laser altimeter (LiDAR) aboard the NASA GIII and GV aircraft. These remotely sensed data will be combined with existing and new field observations of the spatial distribution of species, ecosystems, and their traits, processes (e.g. fire) and threats (e.g. invasive alien species) to enable high resolution mapping of biodiversity, functional traits, and three-dimensional structure across environmental gradients and times-since-disturbance. The campaign is working with local research and conservation stakeholders to address locally and globally relevant questions organized around three major themes: 1) the distribution and abundance of biodiversity, 2) the role of biodiversity in ecosystem function, and 3) the impacts of biodiversity change on ecosystem services. This focus represents an important paradigm shift from previous NASA field campaigns, which were primarily biogeochemical, toward an approach for measuring and understanding functional, phylogenetic, and taxonomic biological diversity as key components of ecosystem function.",,0,,False,False,False,no_doi,Terrestrial,0.13883370161056519,"{""Estuarine/Coastal"": 0.3405912220478058, ""Freshwater"": 0.3227714002132416, ""Marine"": 0.3795377016067505, ""Terrestrial"": 0.5183714032173157}",Mixed,0.04237982630729675,"{""Phytoplankton"": 0.3314099609851837, ""Plants"": 0.37378978729248047, ""Vocal fauna"": 0.3082442581653595}",Mixed,0.03245896100997925,"{""Field observation"": 0.5096433162689209, ""Machine learning"": 0.34727534651756287, ""Molecular / eDNA"": 0.40975421667099, ""Perspective & synthesis"": 0.36102062463760376, ""Physics-based modeling"": 0.3225347101688385, ""Remote sensing"": 0.5421022772789001, ""Statistical modeling"": 0.33043792843818665}"
WUUJL6NW,2026-02-20T01:03:33Z,Bringing ‘parachute science’ back to Earth to improve remote sensing of biodiversity for all,presentation,2021,https://agu.confex.com/agu/fm21/meetingapp.cgi/Session/117613,,"The most important scientific challenges facing us today are global in scope and interdisciplinary in nature.   Understanding and addressing environmental problems such as global climate change and biodiversity loss will require collaboration and trust within and across the international research community.   International research endeavours have the potential to engage scientists from around the world to address these questions and develop innovative solutions.  But, they also have the potential to alienate, discourage, and hinder progress through ‘parachute science’ in which scientists, often from wealthier nations, visit a location, collect data, and publish results with minimal engagement with the local scientists and/or decision-makers.  The growing use of remote sensing has the potential to exacerbate these issues through remote data collection, interpretation, and analysis.  This practice ignores local traditional knowledge and scientific expertise, reinforces existing global inequities, and reduces uptake. By ignoring critical local context and expertise, the ultimate consequences may be reduced impact of science in the local country, and lower quality science.  
Avoiding parachute science has implications not only for international science and collaborations, but also for issues of justice, equity, diversity, and inclusion (JEDI) in the US and more broadly.  Representation of racial and ethnic minorities in the geosciences remains abysmally low. Integrating local and traditional voices and perspectives through collaborative research is one way to challenge global inequities and increase diversity that can be mirrored in our student populations and future workforce. It is important to have these conversations now, as the rate of international research is increasing, particularly within the biodiversity community. A set of best practices is needed to structure projects to maximize meaningful engagement and collaboration (including opportunities for data sharing, co-authorship, reciprocal visits and training). The question is, how do we do this well?
In this workshop, we will discuss the challenges of developing bi- and multilateral international research projects, with a specific focus on avoiding ‘parachute science’ in projects related to remote sensing of the environment and biodiversity. The workshop will kick off with a panel discussion involving individuals that have had experiences with international research projects in the past. Then, using the recently funded NASA BioSCape program (bioscape.io) as an example, we will encourage participants to brainstorm and co-design strategies to enhance scientific engagement. Lastly, we will also discuss potential indicators that assess the integrity of international research projects that participants can use in their own collaborations.",,0,,False,False,False,no_doi,Mixed,0.029808372259140015,"{""Estuarine/Coastal"": 0.2174529880285263, ""Freshwater"": 0.16602660715579987, ""Marine"": 0.22012563049793243, ""Terrestrial"": 0.24993400275707245}",Mixed,0.04600432515144348,"{""Phytoplankton"": 0.1635172814130783, ""Plants"": 0.26072102785110474, ""Vocal fauna"": 0.21471670269966125}",Perspective & synthesis,0.12329882383346558,"{""Field observation"": 0.4151715636253357, ""Machine learning"": 0.30359479784965515, ""Molecular / eDNA"": 0.3274146318435669, ""Perspective & synthesis"": 0.5384703874588013, ""Physics-based modeling"": 0.23733468353748322, ""Remote sensing"": 0.31217846274375916, ""Statistical modeling"": 0.20555345714092255}"
ZBWJ3DI2,2026-02-20T01:03:29Z,Biodiversity Survey of the Cape (BioSCape): A NASA Biodiversity field campaign in the Greater Cape Floristic Region of South Africa,presentation,2021,https://programarchives.z20.web.core.windows.net/2021/Paper1766373.html,,"Background/Question/Methods

We will introduce the first-ever NASA Biodiversity campaign. Incorporating airborne imaging spectroscopy, lidar, and field observations, the campaign will explore the structure, composition, function and threats to biodiversity across South Africa’s Greater Cape Floristic Region (GCFR), including surrounding coastal and marine environments. The GCFR contains two Global Biodiversity Hotspots with the richest temperate flora and the third-highest marine endemism in the world. The field campaign includes collection of new hyperspectral data ranging from UV to thermal wavelengths acquired by PRISM, AVIRIS-NG, and HyTES spectrometers combined with the LVIS laser altimeter aboard the NASA GIII and GV aircraft.

Results/Conclusions

These remotely sensed data will be combined with existing and new observations of the spatial distribution of species, ecosystems, and their traits to enable high-resolution mapping of biodiversity, functional traits, and three-dimensional structure across environmental gradients and times-since-disturbance. The campaign is organized around three major themes: 1) the distribution and abundance of biodiversity, 2) the role of biodiversity in ecosystem function, and 3) the impacts of biodiversity change on ecosystem services. This focus represents an important paradigm shift from previous NASA field campaigns, which were primarily biogeochemical, toward an approach for measuring and understanding functional, phylogenetic, and taxonomic biological diversity as key components of ecosystem function. The Science Team will be selected from submissions to NASA’s Research Opportunities in Space and Earth Sciences (ROSES) in 2021. Local partners include the South African Environmental Observation Network (SAEON), the South African National Space Agency (SANSA), South African National Parks, and CapeNature.",,0,,False,False,False,no_doi,Terrestrial,0.17422142624855042,"{""Estuarine/Coastal"": 0.35244908928871155, ""Freshwater"": 0.3108258843421936, ""Marine"": 0.3764825761318207, ""Terrestrial"": 0.5507040023803711}",Mixed,0.03729704022407532,"{""Phytoplankton"": 0.3233281373977661, ""Plants"": 0.36062517762184143, ""Vocal fauna"": 0.31565624475479126}",Remote sensing,0.0509033203125,"{""Field observation"": 0.5150457620620728, ""Machine learning"": 0.3332134485244751, ""Molecular / eDNA"": 0.3963679373264313, ""Perspective & synthesis"": 0.3325272500514984, ""Physics-based modeling"": 0.34370797872543335, ""Remote sensing"": 0.5659490823745728, ""Statistical modeling"": 0.32920292019844055}"
WLKUJAER,2026-02-20T01:03:24Z,Biodiversity Survey of the Cape ( BioSCape ),presentation,2020,https://agu.confex.com/agu/fm20/meetingapp.cgi/Paper/672592,,"A recent report from the Intergovernmental Science-Policy Platform on Biodiversity and Ecosystem Services is clear: with over a million species threatened with extinction, we are at a tipping point for biodiversity. Biodiversity loss is both a symptom and a driver of global change. Thus, detecting, understanding, and forecasting biodiversity are vital for combating contemporary loss and preventing future extinctions. This ability is especially needed within regions characterized as hotspots for biodiversity and environmental vulnerability. Mediterranean-type climate regions have already experienced significant climatic change, and climate models predict these trends will continue. In South Africa's Greater Cape Floristic Region (GCFR), the challenge is compounded by ecological feedbacks between hydrology, fire, and pressures from human populations. The GCFR has the richest temperate flora and the third-highest marine endemism in the world, containing two Global Biodiversity Hotspots, and has already experienced climate-driven changes in biodiversity. We introduce a field campaign under development with NASA that is focused on biodiversity and ecosystem forecasting in the GCFR. The campaign is organized around three major themes aimed at understanding: 1) the distribution and abundance of biodiversity, 2) the role of biodiversity in ecosystem function, and 3) the impacts of biodiversity change on ecosystem services. This focus represents an important paradigm shift from previous NASA field campaigns, which were primarily biogeochemical, toward an approach for measuring and understanding functional, phylogenetic, and taxonomic biological diversity as key components of ecosystem function. The field campaign includes collection of new hyperspectral imagery from AVIRIS-NG, PRISM, and HyTES spectrometers combined with the LVIS laser altimeter aboard the NASA GIII and GV aircraft. The field campaign is designed to improve our understanding of the drivers and mechanisms of ecological change, feedbacks between biodiversity and regional climate variability, anthropogenic and natural disturbance, post-fire recovery, freshwater provisioning, and other ecosystem services.",,0,,False,False,False,no_doi,Terrestrial,0.23393836617469788,"{""Estuarine/Coastal"": 0.3340505361557007, ""Freshwater"": 0.3371320962905884, ""Marine"": 0.3635096848011017, ""Terrestrial"": 0.5974480509757996}",Mixed,0.03331121802330017,"{""Phytoplankton"": 0.2835869789123535, ""Plants"": 0.3203032612800598, ""Vocal fauna"": 0.28699204325675964}",Statistical modeling,0.0627506673336029,"{""Field observation"": 0.3528158962726593, ""Machine learning"": 0.33610209822654724, ""Molecular / eDNA"": 0.36352798342704773, ""Perspective & synthesis"": 0.3396291136741638, ""Physics-based modeling"": 0.16452227532863617, ""Remote sensing"": 0.2380562424659729, ""Statistical modeling"": 0.42627865076065063}"
ZXGVK59D,2026-02-20T01:03:17Z,Facility Instruments in the Context of Field Campaigns,presentation,2024,https://agu.confex.com/agu/agu24/meetingapp.cgi/Paper/1752214,,"The NASA Airborne Science Program within the Earth Science Division is responsible for providing aircraft systems that further science and advance the use of satellite data. These aircraft systems, often called facility instruments, provide large remote sensing systems that support multiple science disciplines and a variety of NASA science objectives. These facility instruments and the systems that produce and provide standard levels of data products are made available to the wider NASA science community via a flight request process. Often, one or many concurrent facility instruments are employed to support the objectives of NASA-funded Earth science campaigns. The ORNL DAAC is the official archive for several facility instruments including the suite of AVIRIS (Airborne Visible/Infrared Image Spectrometer) instruments; AVIRIS-Classic, AVIRIS-Next Generation, and AVIRIS-3, as well as the MASTER (MODIS/ASTER Airborne Simulator). Other NASA DAACs are the official archive for other facility instruments.
Here we describe the use of facility instruments in the context of field campaigns and how these instruments are leveraged to address earth observation campaigns in the NASA Terrestrial Ecology and Biodiversity Programs using the NASA-funded ABoVE (Arctic-Boreal Vulnerability Experiment) and BioSCape (Biodiversity Survey of the Cape) Campaigns as examples. Each of these campaigns flew multiple, at times concurrent, facility instruments. Within each of these example campaigns, we will show how airborne facility instruments provide high resolution VSWIR and TIR image spectroscopy, radar, and laser altimeter measurements and how these data supported their campaign science objectives. We also examine how these facility instruments ultimately inform and support the development of orbital Earth Observing instrument development.",,0,,False,False,False,no_doi,Terrestrial,0.07214891910552979,"{""Estuarine/Coastal"": 0.24193280935287476, ""Freshwater"": 0.23552919924259186, ""Marine"": 0.1717674285173416, ""Terrestrial"": 0.31408172845840454}",Mixed,0.011814698576927185,"{""Phytoplankton"": 0.21147865056991577, ""Plants"": 0.2359178513288498, ""Vocal fauna"": 0.2241031527519226}",Remote sensing,0.1097334623336792,"{""Field observation"": 0.499977171421051, ""Machine learning"": 0.3363361954689026, ""Molecular / eDNA"": 0.4154614210128784, ""Perspective & synthesis"": 0.47972461581230164, ""Physics-based modeling"": 0.4013531804084778, ""Remote sensing"": 0.6097106337547302, ""Statistical modeling"": 0.1828102320432663}"
DJIPPZ3X,2026-02-20T01:03:14Z,RadSCape: radiative transfer simulation and validation of the dynamic structural and spectral properties of the vegetation of the Cape,presentation,2025,https://cce.nasa.gov/biodiversity/meeting_2025/agenda.html,,,,0,,False,False,False,no_doi,,,,,,,,,
4XW2S84S,2026-02-20T01:03:09Z,RadSCape: radiative transfer simulation and validation of the dynamic structural and spectral properties of the vegetation of the Cape,presentation,2024,https://cce.nasa.gov/biodiversity/meeting_2024/agenda.html,,,,0,,False,False,False,no_doi,,,,,,,,,
HIZTVFMY,2026-02-20T01:03:05Z,Imaging Spectroscopy Reveals Global Variation in Leaf-Economics Trait Relationships,presentation,2025,https://agu.confex.com/agu/agu25/meetingapp.cgi/Paper/1976252,,"Imaging spectroscopy (IS) provides a new capacity to characterize foliar functional traits across Earth’s biomes. At present, global scale analyses of in-situ trait databases show relatively repeatable patterns of leaf economics traits, with a primary axis describing acquisitive vs conservative leaf strategies. Analyses of second and third axes yield less generalizable results attributable to both ecological and evolutionary drivers and data limitations. As well, most analyses impute missing data for infrequently measured traits and use species-level averages, thus missing within-species or among-year variation. Trait data from IS enables broad spatial coverage of a common set of traits estimated concurrently using consistent methods, that – while lacking species identities – captures within and between biome variation not feasible from field observations.

We present an analysis of IS-derived traits retrieved from acquisitions covering the Arctic to the tropics. Using PCA, both global and biome-specific analyses confirm the dominant axis to be the leaf economics spectrum from high nutrient concentrations (nitrogen and phosphorus) to high leaf mass per area (LMA). Secondary axes are more complicated to interpret, with the global dataset generally showing trade-offs between water content or sometimes pigments and leaf carbon content and related constituents. Using remote sensing to characterize leaf foliar traits, we find that the first two PCA axes generally only capture 30-60% of variation in the trait estimates, further emphasizing the potential for remote sensing to disentangle local and global tradeoffs in foliar resource allocation.

At the individual biome level, the leaf economics axes vary among biomes, with leaf defense strategies forming the secondary PCA axis in many dry seasonal biomes, while other biomes (e.g., tropics) exhibit multiple dimensions related to nutrients. Additional traits such as nonstructural carbohydrates form important axes of variation but can be correlated with or orthogonal to nutrient or defense axes, as well as being variable through time. Ultimately, foliar traits derived from imaging spectroscopy provide the opportunity to identify similarities and differences among biomes, which can serve as a basis for hypothesis testing using in-situ measurements.",,0,,False,False,False,no_doi,Mixed,0.03776022791862488,"{""Estuarine/Coastal"": 0.2616517245769501, ""Freshwater"": 0.3031015694141388, ""Marine"": 0.3112969696521759, ""Terrestrial"": 0.3490571975708008}",Plants,0.0998690128326416,"{""Phytoplankton"": 0.28083691000938416, ""Plants"": 0.40377822518348694, ""Vocal fauna"": 0.30390921235084534}",Mixed,0.009781986474990845,"{""Field observation"": 0.3976191580295563, ""Machine learning"": 0.2815983295440674, ""Molecular / eDNA"": 0.2517755627632141, ""Perspective & synthesis"": 0.11296297609806061, ""Physics-based modeling"": 0.18890069425106049, ""Remote sensing"": 0.27897703647613525, ""Statistical modeling"": 0.38783717155456543}"
QB653R6N,2026-02-20T01:03:01Z,CapeTraits: Patterns of functional trait variation and diversity across the Greater Cape Floristic Region and comparison with other Mediterranean ecosystems,presentation,2024,https://cce.nasa.gov/biodiversity/meeting_2024/agenda.html,,,,0,,False,False,False,no_doi,,,,,,,,,
XG8TLJT8,2026-02-20T01:02:56Z,"Accessing Data from NASA’s First Biodiversity-Focused Airborne and Field Campaign, BioSCape",presentation,2024,https://events.rdmobile.com/Sessions/Details/2318625,,"BioSCape, the Biodiversity Survey of the Cape, is NASA’s first biodiversity-focused airborne and field campaign that was conducted in South Africa in 2023. BioSCape’s primary objective is to study the structure, function, and composition of the region’s ecosystems, and how and why they are changing. 

BioSCape's airborne dataset is unprecedented, with AVIRIS-NG, PRISM, and HyTES imaging spectrometers capturing spectral data across the UV, visible and infrared at high resolution and LVIS acquiring coincident full-waveform lidar. BioSCape's field dataset is equally impressive, with 18 PI-led projects collecting data ranging from the diversity and phylogeny of plants, kelp and phytoplankton, eDNA, landscape acoustics, plant traits, blue carbon accounting, and more. 

BioSCape is committed to Open Science. All our datasets will be delivered to one of NASA's Distributed Archive and Analysis Centers. In this ESA special session we will: 

1) Give an overview of BioSCape’s research activities, 

2) Discuss the ways in which BioSCape data has been optimized for easier uptake by new users, and 

3) Demonstrate where and how one can access BioSCape’s field and airborne data sets. 

The goal of this session is to encourage wider awareness and use of BioSCape data, and promote its application in research and biodiversity conservation.",,0,,False,False,False,no_doi,Terrestrial,0.11161044239997864,"{""Estuarine/Coastal"": 0.37643593549728394, ""Freshwater"": 0.3616645634174347, ""Marine"": 0.37668177485466003, ""Terrestrial"": 0.48829221725463867}",Mixed,0.007555156946182251,"{""Phytoplankton"": 0.3620891869068146, ""Plants"": 0.4066998362541199, ""Vocal fauna"": 0.3991446793079376}",Mixed,0.012161850929260254,"{""Field observation"": 0.5797238945960999, ""Machine learning"": 0.4590418040752411, ""Molecular / eDNA"": 0.4662909507751465, ""Perspective & synthesis"": 0.46073460578918457, ""Physics-based modeling"": 0.35366150736808777, ""Remote sensing"": 0.5918857455253601, ""Statistical modeling"": 0.3318401277065277}"
ATJFDN2D,2026-02-20T01:02:41Z,Balancing Big Data and Privacy: Sharing Biodiversity Insights from eDNA and Remote Sensing across Scales,presentation,2024,https://agu.confex.com/agu/agu24/meetingapp.cgi/Paper/1742912,,"Integrating satellite imagery with emerging biodiversity metrics presents a challenging opportunity to advance our understanding of ecological patterns and processes. The BioSCape program aims to generate an understanding of where biodiversity is in the Western Cape of South Africa, what its function is, and why it matters for ecosystem health and services. Our BioSCape project ‘Biodiversity across Scales: Mapping Taxonomic, Phylogenetic, and Functional Diversity with eDNA, Field Surveys, and Remote Sensing Data’ forges a connection between hyperspectral imagery and another emergent method of biodiversity quantification: environmental DNA (eDNA) sampling. Our project deliverables include functional, phylogenetic, and taxonomic biodiversity maps, which inform tributary- to watershed-wide management processes. Land managers, farmers, and private business owners, while seeing value in large-scale results, are interested in data that pertains to their land. Site-specific species lists and biodiversity metrics help assess water and land health concerning the broader system but can contain sensitive data (e.g., poaching risk and/or rare species, indicators of human impact) that must be handled respecting the rights and permissions of the sample providers, and be carefully shared by project leaders.
To meet the data-sharing needs of this project, we reviewed and are incorporating lessons learned and policies from other scientific fields, like the Nagoya Protocol and the Native BioData Consortium, to meet data-sharing compliance with ethical sensitivity. We are guiding the buildout of web tools for sharing eDNA data on eDNA Explorer and, eventually, GBIF and NCBI. We are communicating early mapping results to land managers who provided samples and are doing analyses following their requests. Continual assessment of end-user wants and needs and providing education about accessing and interpreting these data types is critical for uptake. We also find it helpful to deliver results via an intuitive interactive platform for viewing, annotating, and retrieving data where managers can grant access to the data they regulate while seeing the benefits of sharing.",,0,,False,False,False,no_doi,Terrestrial,0.06511694192886353,"{""Estuarine/Coastal"": 0.33190181851387024, ""Freshwater"": 0.3852083086967468, ""Marine"": 0.3455350697040558, ""Terrestrial"": 0.45032525062561035}",Mixed,0.020198941230773926,"{""Phytoplankton"": 0.24331489205360413, ""Plants"": 0.2924994230270386, ""Vocal fauna"": 0.3126983642578125}",Molecular / eDNA,0.06996327638626099,"{""Field observation"": 0.5027216076850891, ""Machine learning"": 0.41118916869163513, ""Molecular / eDNA"": 0.5726848840713501, ""Perspective & synthesis"": 0.32805317640304565, ""Physics-based modeling"": 0.16345950961112976, ""Remote sensing"": 0.38036462664604187, ""Statistical modeling"": 0.3547845482826233}"
LD9TQ6MR,2026-02-20T01:02:37Z,eDNA and Canopy Signatures Track Biodiversity Across the Western Cape's Managed and Disturbed Landscapes,presentation,2025,https://agu.confex.com/agu/agu25/meetingapp.cgi/Paper/2005226,,"Traditionally, plant community research has relied on field surveys and ground measurements of environmental variables. Modern remote sensing now provides high-resolution global data, detecting plant traits and geochemical features. However, it primarily captures canopy-level information, missing smaller ecosystem components. Combining remotely sensed traits with ground-based biodiversity measurements offers opportunities for large-scale, less labor-intensive studies. Yet, we don't understand how locally measured and remotely sensed diversity metrics relate to each other or which relationships are relevant for monitoring and management.

The BioSCape program is a collaboration between U.S. and South African agencies and institutions. Using the Greater Cape Floristic Region as a study system, the project aims to understand biodiversity organization, function, and importance for ecosystem health and services. Our BioSCape project connects hyperspectral imagery with an emergent method of biodiversity quantification: environmental DNA (eDNA) sampling. The Berg and Eerste Rivers, two watershed systems sharing headwaters and surrounded by diverse land uses including agriculture, wine farms, urban areas, and pristine reserves, were surveyed using airborne data from AVIRIS-ng and PRISM imagers in 2023. 540 eDNA samples were gathered from these river systems, and DNA metabarcoding libraries were built to assess holistic biodiversity across the entire tree of life. We ask 1) Do functional and taxonomic biodiversity relate to each other along these rivers? 2) How does biodiversity organize itself along these rivers? By which dimensions? How does human intervention affect biodiversity? 3) How do invasive plant species affect non-visible biodiversity facets?

We find that taxonomic and functional diversity are related to each other across both river systems. Further, we find that biodiversity, both visible and non-visible, is organized by spectra indicative of plant health, thermal stress, and habitat structure. Invasive plants were found to have an effect on local microbial and fungal biodiversity. This holistic view of the earth has broad applications for restoration monitoring, understanding food webs and communities, and understanding the effects of natural resource management.",,0,,False,False,False,no_doi,Terrestrial,0.09859764575958252,"{""Estuarine/Coastal"": 0.36458146572113037, ""Freshwater"": 0.45493167638778687, ""Marine"": 0.3550221621990204, ""Terrestrial"": 0.5535293221473694}",Mixed,0.047620952129364014,"{""Phytoplankton"": 0.27597275376319885, ""Plants"": 0.37513771653175354, ""Vocal fauna"": 0.3275167644023895}",Mixed,0.018198668956756592,"{""Field observation"": 0.5692272186279297, ""Machine learning"": 0.41664135456085205, ""Molecular / eDNA"": 0.5510285496711731, ""Perspective & synthesis"": 0.26852259039878845, ""Physics-based modeling"": 0.23055458068847656, ""Remote sensing"": 0.41731032729148865, ""Statistical modeling"": 0.3421511650085449}"
QXQAB6M3,2026-02-20T01:02:33Z,Phytoplankton Community Composition in Inland Waters from Airborne and Satellite Hyperspectral Data,presentation,2025,https://agu.confex.com/agu/agu25/meetingapp.cgi/Paper/1964275,,"Phytoplankton Community Composition (PCC) is an important measure of the aquatic health of inland water bodies. Globally, PCC in inland waters is shifting towards Cyanobacteria (blue-green algae) dominance, resulting in toxic Harmful Algal Blooms. As such, tools for monitoring PCC are important for management of these water resources. More readily available hyperspectral data from imaging spectrometer missions, such as precursor instruments to NASA’s Surface Biology and Geology (SBG) mission, will allow for development and testing of PCC identification algorithms. This study evaluates the performance of the PCC classification algorithm Phytoplankton Detection with Optics (PHYDOTax) with new application to inland waters in California, United States and the Greater Cape Floristic Region, a biodiversity hotspot of South Africa. PHYDOTax-derived PCC is compared between in situ spectroradiometer data measured at stations in inland water sites and airborne (PRISM data from the BioSCape field campaign) and satellite hyperspectral imagery (DESIS). Additionally, in situ PCC is determined from phytoplankton pigment measurements using both CHEMTAX and phytoclass to compare with the PHYDOTax-derived PCC. We found similar results for in situ PCC derived from pigment data using CHEMTAX and phytoclass and these results were validated when compared with microscopy data available for our California inland water dataset. Our PHYDOTax results were generally successful when applied to our in situ spectral measurements especially for Cyanobacteria (R = 0.63-0.79, p<0.0001). Preliminary results show weaker performance when PHYDOTax was run on our remotely sensed hyperspectral scenes, indicating need for improved atmospheric correction and sensor sensitivity in the visible range for these optically complex aquatic targets. These initial results show promise for PHYDOTax to identify PCC in inland waters as well as the potential for airborne and satellite hyperspectral data for monitoring freshwater PCC generally.",,0,,False,False,False,no_doi,Marine,0.10674840211868286,"{""Estuarine/Coastal"": 0.39531204104423523, ""Freshwater"": 0.3979567885398865, ""Marine"": 0.5047051906585693, ""Terrestrial"": 0.28378066420555115}",Phytoplankton,0.2451581060886383,"{""Phytoplankton"": 0.5797520875930786, ""Plants"": 0.3345939815044403, ""Vocal fauna"": 0.2387884259223938}",Field observation,0.052976131439208984,"{""Field observation"": 0.4739416241645813, ""Machine learning"": 0.328435480594635, ""Molecular / eDNA"": 0.34926342964172363, ""Perspective & synthesis"": 0.1761808693408966, ""Physics-based modeling"": 0.37825214862823486, ""Remote sensing"": 0.4209654927253723, ""Statistical modeling"": 0.2427096962928772}"
DUELIYP2,2026-02-20T01:02:29Z,Airborne and In Situ Campaigns Cover the Earth's Climate and Floristic Variation,presentation,2025,https://agu.confex.com/agu/agu25/meetingapp.cgi/Paper/1866308,,"Imaging spectroscopy from space offers a new way to study variation in the Earth's vegetation at pixel to global scales. Despite missions providing global access, retrievals are in part system-specific. The variability of vegetation phenology, leaf anatomy, chemical composition and canopy architecture means that models that relate spectral reflectance to plant characteristics requires system-specific calibration. Capturing calibration requires consistent procedures and models sensitive to local conditions. Calibration campaigns have been conducted since the early 1990s but is only recently that these projects are being conducted contemporaneously with spaceborne data, using semi-standardized methods and reporting openly available data. We analyze geographic, climatic, floristic and phylogenetic coverage of the Earth’s biomes. This session will review NASA and NSF-sponsored campaigns with talks on specific projects in a range of systems. We analyze coverage of a series of recent projects assessing progress towards calibrated and validated global retrievals of vegetation attributes. Existing in situ and remote data from recent campaigns span climate zones from tropical to arctic, many of the world’s long-separately evolved floras, and a wide range of physiognomies and functions. Metadata and new data bases allow assessing geographic and biological representativeness of existing data. Data exist for most of the branches of the angiosperm and gymnosperm tree of life, focused on overstory species. Calibrated global or regional models should be able to make credible retrievals of plant traits, functional diversity, and aspects of ecosystem function for the majority of the Earth's vegetated surface. We identify gaps in seasonal coverage and ecosystems with potentially unique characteristics: agricultural systems, Eurasian Boreal forests and tropical island forests, where algorithms should be tested and may need to be tuned. Airborne, field, and lab data are being integrated into a common database, described elsewhere in this session, and will support the community in using new space-based observations for studies of global ecology and biogeography, as well as these in-depth projects having stand-alone scientific value. Authors on this abstract include representatives from all of the campaigns.",,0,,False,False,False,no_doi,Terrestrial,0.1240643560886383,"{""Estuarine/Coastal"": 0.33025097846984863, ""Freshwater"": 0.3093734085559845, ""Marine"": 0.34093672037124634, ""Terrestrial"": 0.46500107645988464}",Plants,0.1913568079471588,"{""Phytoplankton"": 0.2988787591457367, ""Plants"": 0.5061487555503845, ""Vocal fauna"": 0.3147919476032257}",Field observation,0.10419893264770508,"{""Field observation"": 0.5405434966087341, ""Machine learning"": 0.43634456396102905, ""Molecular / eDNA"": 0.332873672246933, ""Perspective & synthesis"": 0.3296298682689667, ""Physics-based modeling"": 0.3499111831188202, ""Remote sensing"": 0.4135231375694275, ""Statistical modeling"": 0.3534054458141327}"
ALQZHAQ6,2026-02-20T01:02:23Z,What’s That Sound? Evaluating and Understanding the Accuracy of AI Models for Sounds and Soundscape Detection,presentation,2024,https://agu.confex.com/agu/agu24/meetingapp.cgi/Paper/1708804,,"As part of the BioScape project in the Greater Cape Floristic Region (GCFR) of South Africa, the overall goal of the BioSoundScape project is to find effective models that accurately correlate measures of diversity among animal detections, soundscapes, and remotely-sensed vegetation spectral and structural properties. With these models, we seek to understand changes in diversity across the landscape and over time. In wet and dry season campaigns in 2023, the BioSoundScape team collected 901,987 minutes (>15,000 hours) of sound recordings from 1,206 survey locations within the flight boxes of the BioScape project. An initial component of our work is the use of Convoluted Neural Network models (CNNs) to automatically detect animal vocalizations (birds, insects, and amphibians) and broader soundscape components, namely biological sounds (biophony), anthropophony (human-caused sounds), geophony (wind, rain, etc.), and physical and electronic interference. We developed a database of human-labeled sounds on a random sample of our data, annotating the type of sound and its exact location (to the second) in >2,500 recordings. We use these reference data to test the accuracy of the CNNs. Here we report the CNN model accuracy results and optimal filters of predictions that maximize detections with minimal commission error. We also evaluate the effect of anthropophony, geophony, interference, and biophony on the accuracy of CNN-based animal predictions. We then apply the resulting optimal filters and prediction correction models to our entire dataset. We present the resulting soundscape and sound diversity estimates across all locations surveyed in the GCFR. This properly penalized and filtered set of predictions will then allow us to address project target goals of relating animal richness to habitat diversity as measured by BioSCape airborne hyperspectral and lidar sensors.",,0,,False,False,False,no_doi,Terrestrial,0.10265840590000153,"{""Estuarine/Coastal"": 0.20550650358200073, ""Freshwater"": 0.24821890890598297, ""Marine"": 0.2231992781162262, ""Terrestrial"": 0.3508773148059845}",Vocal fauna,0.43943989276885986,"{""Phytoplankton"": 0.1934347003698349, ""Plants"": 0.2439182847738266, ""Vocal fauna"": 0.6833581924438477}",Machine learning,0.13515117764472961,"{""Field observation"": 0.4554802477359772, ""Machine learning"": 0.5906314253807068, ""Molecular / eDNA"": 0.31051504611968994, ""Perspective & synthesis"": 0.27135515213012695, ""Physics-based modeling"": 0.22193551063537598, ""Remote sensing"": 0.3332468569278717, ""Statistical modeling"": 0.3902873992919922}"
3VGQKQ4Q,2026-02-20T01:02:18Z,Monitoring Regional Biodiversity Using Scale-Normalized Metrics of Functional Richness,presentation,2024,https://agu.confex.com/agu/agu24/meetingapp.cgi/Paper/1684772,,"Increasing access to high resolution imagery has revolutionized our ability to measure and monitor biodiversity change from above. However, important questions remain as to where, when, and at what scale functional diversity metrics derived from remote sensing data are most strongly related to in situ species diversity. To help address this challenge, we developed a new, semi-automated workflow to calculate functional metrics on large imagery datasets, and in ways that can be scaled using cloud-based computing. Specifically, we show the utility of this large-compute workflow by calculating functional richness and functional divergence at 17 sites in the National Ecological Observatory Network (NEON), at spatial scales spanning six orders of magnitude, and at sites that represent a range of land cover, climate, and geomorphological characteristics. At all sites, we show that functional divergence does not exhibit strong scale dependence. In contrast, functional richness is strongly scale dependent as observed in prior studies. The rank order of functional diversity differs among sites depending on the size of the neighborhood over which it is measured, though generally increases sub-linearly with the area. Power law regressions between area and functional richness performed better than alternatives. To help compare empirical functions within and across sites, we normalize our regressions using a representative area exponent of 0.48 (median value). This allows us to compare functional richness using a single parameter, the scaling coefficient of the normalized regression. At NEON sites, this normalized scaling coefficient is better correlated to alpha diversity in herbaceous and scrubland ecosystems than at forested sites. Regardless of ecosystem type, the normalized metric is most strongly correlated with mean annual precipitation, mean canopy height, and mean elevation. To test the utility of our new workflow, we extend this analysis to sites in the Cape Floristic Region, South Africa where NASA recently acquired comparable imagery over the Berg and Eerste watersheds as part of the BioSCape project. Specifically, we relate our new scale-normalized metric of functional richness to in situ species richness at over 30 sites where we conducted vegetation surveys and collected environmental DNA.",,0,,False,False,False,no_doi,Mixed,0.027286887168884277,"{""Estuarine/Coastal"": 0.25609755516052246, ""Freshwater"": 0.28910568356513977, ""Marine"": 0.2214575707912445, ""Terrestrial"": 0.31639257073402405}",Mixed,0.017793208360671997,"{""Phytoplankton"": 0.23850491642951965, ""Plants"": 0.22427885234355927, ""Vocal fauna"": 0.25629812479019165}",Statistical modeling,0.06980058550834656,"{""Field observation"": 0.3048888146877289, ""Machine learning"": 0.38732606172561646, ""Molecular / eDNA"": 0.27101457118988037, ""Perspective & synthesis"": 0.23147234320640564, ""Physics-based modeling"": 0.17842665314674377, ""Remote sensing"": 0.2852826714515686, ""Statistical modeling"": 0.457126647233963}"
BLS3FNUJ,2026-02-20T01:02:05Z,"NASA LVIS Facility: Airborne Waveform Lidar Measurements of Surface Topography, Height and 3D Structure with Multi-sensor Emulation Capability",presentation,2024,https://agu.confex.com/agu/agu24/meetingapp.cgi/Paper/1741303,,"NASA's Land Vegetation and Ice Sensor (LVIS) is an airborne, wide-swath lidar facility for mapping surface elevation, 3d heights and structure. Along with collocated camera images of overflown terrain, laser data are collected from medium-high altitude using footprint sizes of 5m to 25m (customized based on science requirements) and the system digitally-records the shapes of both the outgoing and reflecting waveforms for each laser shot. Combined with aircraft position and attitude knowledge, the sensor produces topographic maps with decimeter accuracy and vertical height and 3D structure measurements of overflown terrain, including sub-canopy topography, vegetation structure or ice heights. In addition to providing science-quality datasets over large areas, the Facility can be used as a technology proving ground for future space-based sensors and as a test bed for new science algorithms. Data from recent campaigns demonstrating the ability of 1064nm waveform lidar to measure surface structure will be shown, along with details of the system parameters, data collection examples, and geolocation precision and accuracy examples. The flexibility of the scanning system and beam pattern on the ground provides the ability to emulate a wide range of sensor characteristics. LVIS is the airborne emulator for the GEDI mission, providing pre-mission and on-orbit cal/val data sets, and has also collected cal/val data for ICESat and ICESat-2. Recent campaigns include data collections in Gabon (GEDI cal/val) and South Africa (BioSCape) (2023), and the US (ICESat-2 and SARP) and the Arctic (ARCSIX) (2024).",,0,,False,False,False,no_doi,Mixed,0.025831758975982666,"{""Estuarine/Coastal"": 0.18509438633918762, ""Freshwater"": 0.1478404998779297, ""Marine"": 0.10104795545339584, ""Terrestrial"": 0.15926262736320496}",Plants,0.05818305164575577,"{""Phytoplankton"": 0.06440313160419464, ""Plants"": 0.13455551862716675, ""Vocal fauna"": 0.07637246698141098}",Remote sensing,0.15117254853248596,"{""Field observation"": 0.43839672207832336, ""Machine learning"": 0.2567555904388428, ""Molecular / eDNA"": 0.18900388479232788, ""Perspective & synthesis"": 0.3161453306674957, ""Physics-based modeling"": 0.31122711300849915, ""Remote sensing"": 0.5895692706108093, ""Statistical modeling"": 0.04846799373626709}"
2AFJRUWE,2026-02-20T01:02:00Z,"CyanoSCape: Assessing AVIRIS-NG, PRISM, and Multi- and Hyperspectral Satellites for Freshwater Phytoplankton Biodiversity Mapping in South African Inland Waters",presentation,2024,https://agu.confex.com/agu/agu24/meetingapp.cgi/Paper/1567533,,"The biodiversity of phytoplankton, the base of the food web, informs the overal...",,0,,False,False,False,no_doi,Marine,0.05446264147758484,"{""Estuarine/Coastal"": 0.4135757088661194, ""Freshwater"": 0.46947380900382996, ""Marine"": 0.5239364504814148, ""Terrestrial"": 0.413186252117157}",Phytoplankton,0.17469125986099243,"{""Phytoplankton"": 0.5693038702011108, ""Plants"": 0.3946126103401184, ""Vocal fauna"": 0.32526063919067383}",Mixed,0.0067688822746276855,"{""Field observation"": 0.40296101570129395, ""Machine learning"": 0.31161728501319885, ""Molecular / eDNA"": 0.3242628574371338, ""Perspective & synthesis"": 0.19364798069000244, ""Physics-based modeling"": 0.19135907292366028, ""Remote sensing"": 0.40972989797592163, ""Statistical modeling"": 0.3095667362213135}"
4ACEB37D,2026-02-20T01:01:56Z,Functional Process Zone Delineation for Riverine Biodiversity Assessment: QGIS Plugin Development and Case Studies across Two Continents,presentation,2024,https://agu.confex.com/agu/agu24/meetingapp.cgi/Paper/1658129,,"The concept of ‘functional process zones’ – hydrogeomorphic units of organization at valley-to-reach scales along river networks – is a useful framework for riverine biodiversity assessment. Functional process zones, defined by hydro-climatic patterns, geology, and channel and valley morphology occurring at nested, hierarchical scales, may capture how hydrogeomorphic patchiness contributes to diversity along rivers that are not well explained by continuum-related processes (e.g,. the River Continuum Concept). Yet, adoption of functional process zones for riverine applications has been limited by out of date, unsupported, or defunct spatial modeling tools (e.g., RESonate in ArcMap) and the lack of other open-source tools for derivation of the parameters needed to classify river networks into functional process zones. To this end, we developed an open-source plugin for QGIS, OpenRES, to enable automated extraction and analysis for classification of user-defined river segments into functional process zones from remote sensing datasets. The QGIS plugin enables users to automate extraction of mean annual rainfall, elevation, geology, left and right valley side slopes, down valley slope, valley width, valley floor width, and sinuosity for user-defined segments along the stream network. In addition, the plugin provides tools for unsupervised hierarchical clustering and visualization of the stream network to enable users to derive functional process zones within QGIS. The QGIS plugin and methodology developed herein is tested to assess the influence of functional process zones in juxtaposition to other spatial drivers on riverine biodiversity across two continents. Historical surveys of fish and macroinvertebrate diversity, as well as recent acquisitions of environmental DNA from soils, sediments, and water, are used to assess the spatial patterning of diversity in response to functional process zones along the Russian River watershed in California, USA, as well as the Berg and Eerste River watersheds of South Africa’s Western Cape. These efforts support research conducted by the Biodiversity across Scales team in South Africa as part of NASA’s BioSCape project, as well as California’s eDNA biodiversity surveys.",,0,,False,False,False,no_doi,Freshwater,0.17090824246406555,"{""Estuarine/Coastal"": 0.3291061818599701, ""Freshwater"": 0.5000144243240356, ""Marine"": 0.2562485635280609, ""Terrestrial"": 0.25177663564682007}",Phytoplankton,0.09305909276008606,"{""Phytoplankton"": 0.31949856877326965, ""Plants"": 0.22487187385559082, ""Vocal fauna"": 0.2264394760131836}",Mixed,0.008781522512435913,"{""Field observation"": 0.36787745356559753, ""Machine learning"": 0.37665897607803345, ""Molecular / eDNA"": 0.3369417190551758, ""Perspective & synthesis"": 0.24338452517986298, ""Physics-based modeling"": 0.21100899577140808, ""Remote sensing"": 0.23499168455600739, ""Statistical modeling"": 0.3541184663772583}"
4ZSB3S6H,2026-02-20T01:01:52Z,"Where and How Environmental DNA and Remote Sensing Meet: On a Hike in California's Parks, Urban Rivers, and Coasts",presentation,2023,https://agu.confex.com/agu/fm23/meetingapp.cgi/Paper/1451265,,,,0,,False,False,False,no_doi,,,,,,,,,
UEHJ4KRI,2026-02-20T01:01:47Z,TraitsCape: understanding the role of microrefugia in buffering fynbos from global change,presentation,2025,https://cce.nasa.gov/biodiversity/meeting_2025/agenda.html,,,,0,,False,False,False,no_doi,,,,,,,,,
KJZWHPA8,2026-02-20T01:01:38Z,TraitsCape: Understanding the role of microrefugia in buffering fynbos from global change,presentation,2024,https://cce.nasa.gov/biodiversity/meeting_2024/agenda.html,,,,0,,False,False,False,no_doi,,,,,,,,,
WNU46FG3,2026-02-20T01:01:34Z,Advancing Species Diversity Mapping in the Cape Floristic Region through Remote Sensing and Radiative Transfer Modeling,presentation,2024,https://agu.confex.com/agu/agu24/meetingapp.cgi/Paper/1707762,,"The Cape Floristic Region (CFR) is a globally recognized biodiversity hotspot, encompassing approximately 90,000 km and hosting nearly 9,000 plant species, of which an impressive 70% are endemic. This extraordinary species diversity, influenced by factors such as soil heterogeneity and genetic variability, poses significant challenges for accurate species mapping, which is critical for conserving the CFR's ecological integrity. This study aims to integrate remote sensing technologies with 1D and 3D radiative transfer models to effectively map species diversity within the CFR.
We utilized the Airborne Visible/Infrared Imaging Spectrometer Next Generation (AVIRIS-NG) hyperspectral sensor from the BioScape field campaign. It gives detailed spectral information in hundreds of bands, from the visible to shortwave infrared. By correlating floristic patterns captured by AVIRIS-NG with satellite imagery and soil characteristics, the research seeks to analyze and monitor vegetation communities and their environments. We anticipate that the application of hyperspectral imaging and 3D radiative transfer modeling will deepen our understanding of plant taxonomic and functional diversities, especially in forested ecosystems. Modeling species distributions with composite bioclimatic variables and NDVI time series is expected to provide valuable insights into the relationship between species diversity and environmental gradients.

Radiative transfer models play a crucial role in simulating atmospheric effects on terrestrial surfaces, facilitating continuous and global biodiversity mapping. The integration of 3D vegetation structure datasets is expected to further refine these models, enabling detailed microclimate mapping and a deeper understanding of tree-level vegetation structures across diverse landscapes. While the results of this research are pending, the study promises to significantly advance our understanding of the CFR's unique biodiversity. The findings, to be presented at an upcoming conference, are expected to inform the development of effective conservation strategies, ensuring the preservation of this ecologically significant region and its rich biodiversity.",,0,,False,False,False,no_doi,Terrestrial,0.10859891772270203,"{""Estuarine/Coastal"": 0.2217029631137848, ""Freshwater"": 0.2901172935962677, ""Marine"": 0.27719518542289734, ""Terrestrial"": 0.3987162113189697}",Mixed,0.049336791038513184,"{""Phytoplankton"": 0.21407689154148102, ""Plants"": 0.3344314992427826, ""Vocal fauna"": 0.2850947082042694}",Mixed,0.010831236839294434,"{""Field observation"": 0.4752761423587799, ""Machine learning"": 0.41253650188446045, ""Molecular / eDNA"": 0.35130926966667175, ""Perspective & synthesis"": 0.23582257330417633, ""Physics-based modeling"": 0.481144517660141, ""Remote sensing"": 0.4919757544994354, ""Statistical modeling"": 0.2986421585083008}"
HQBHDXMX,2026-02-20T01:01:29Z,Leveraging NASA Cloud Resources to Increase Stakeholder Involvement and Inclusion in Earth Science Research,presentation,2023,https://agu.confex.com/agu/fm23/meetingapp.cgi/Paper/1245282,,"To advance the transformation to open science (TOPS) mission, NASA's cloud-based resources such as the Science Managed Cloud Environment (SMCE) have become increasingly valuable tools. The SMCE has been utilized for multiple NASA programs, projects, and campaigns to increase accessibility, inclusion, reproducible research, and collaboration of diverse stakeholders in cutting-edge earth science research. The cloud-based environment provides capacity to overcome common barriers to research such as limited personal data storage or inefficient workflows between partners. Recent programs and campaigns that have utilized the SMCE include Surface Biology and Geology High-Frequency Time Series (SHIFT) and the Student Airborne Research Program - East (SARP-E) program, and future campaigns such as Biodiversity Survey of the Cape (BioSCape), a joint campaign between NASA and the South Africa National Space Agency (SANSA), are slated to use the SMCE given its collaborative potential. Initial results from these campaigns provide promising results. While SHIFT and SARP-E engage with different stakeholders, both have benefited from the SMCE due to its highly customizable interface and multiple data storage capabilities. The seamless S3 and Distributed Active Archive Center (DAAC) integration has allowed for both SHIFT and SARP-E stakeholders to effectively utilize NASA data sets already available on the cloud without local download. The cloud environment supports SARP-E students' ability to work together simultaneously, while SHIFT leverages the cloud to store large amounts of hyperspectral data. With options for various server sizes, multiple languages kernels, and a parallel cluster available, the cloud space allows stakeholders to complete their research at varying computational levels and scales. In addition to facilitating research using large and complex datasets, these environments have also been a preview of NASA's future in the commercial cloud, giving scientists hands-on experience with cloud-based workflows and exposing NASA software engineers to scientific workflows around which to build new tooling. NASAs SMCE cloud environment has created an inclusive environment for working in cross-institutional teams and processing large amounts of data in support of NASA's TOPS mission.",,0,,False,False,False,no_doi,Mixed,0.011772572994232178,"{""Estuarine/Coastal"": 0.2734626531600952, ""Freshwater"": 0.208556666970253, ""Marine"": 0.244258850812912, ""Terrestrial"": 0.26169008016586304}",Mixed,0.010032430291175842,"{""Phytoplankton"": 0.2074362337589264, ""Plants"": 0.19740380346775055, ""Vocal fauna"": 0.1633414477109909}",Perspective & synthesis,0.11531656980514526,"{""Field observation"": 0.38804009556770325, ""Machine learning"": 0.31623074412345886, ""Molecular / eDNA"": 0.3058549761772156, ""Perspective & synthesis"": 0.5461220741271973, ""Physics-based modeling"": 0.25543487071990967, ""Remote sensing"": 0.430805504322052, ""Statistical modeling"": 0.20583392679691315}"
4K5UDGXG,2026-02-20T01:01:24Z,Thirty Years of Airborne Forest Mapping from LVIS,presentation,2025,https://agu.confex.com/agu/agu25/meetingapp.cgi/Paper/2003488,,"NASA's Land Vegetation and Ice Sensor (LVIS) is an airborne, wide-swath lidar system for mapping surface elevation, 3d heights and structure. Since 1996/1997 the sensor has been used to provide collect data from various biomes and locations, providing a wealth of data for a variety of applications including spaceborne sensor development and science investigations. Data are collected from medium-high altitude using footprint sizes of 5m to 25m (dependent on science requirements) and digitally-records the shapes of both the outgoing and reflecting waveforms for each laser shot. Combined with aircraft position and attitude knowledge, the sensor produces topographic maps with decimeter accuracy and vertical height and 3D structure measurements of overflown terrain, e.g., vegetation and ice. Data are freely available and distributed via the NASA NSIDC DAAC and Earthdata. LVIS has collected 100,000's sq. km over Antartica, Greenland, and the U.S. and recent campaigns include data collections in Gabon and South Africa (BioSCape) in 2023, and the US (ICESat-2 and SARP) and the Arctic (ARCSIX) in 2024. Data are used for a variety of purposes including those requiring topographic, and/or canopy/surface height measurements. LVIS is also used extensively for satellite cal/val, e.g, having flown multiple underflights of GEDI ground tracks for data product accuracy investigations. Results from recent campaigns will be highlighted as well as future campaigns and data collections opportunities discussed.",,0,,False,False,False,no_doi,Mixed,0.04109051823616028,"{""Estuarine/Coastal"": 0.25683924555778503, ""Freshwater"": 0.25572648644447327, ""Marine"": 0.1750410795211792, ""Terrestrial"": 0.2979297637939453}",Mixed,0.02152825891971588,"{""Phytoplankton"": 0.13296720385551453, ""Plants"": 0.22088932991027832, ""Vocal fauna"": 0.19936107099056244}",Remote sensing,0.07705742120742798,"{""Field observation"": 0.5383174419403076, ""Machine learning"": 0.3672415018081665, ""Molecular / eDNA"": 0.30884289741516113, ""Perspective & synthesis"": 0.33129116892814636, ""Physics-based modeling"": 0.30485352873802185, ""Remote sensing"": 0.6153748631477356, ""Statistical modeling"": 0.16177290678024292}"
QUKA5987,2026-02-20T01:01:20Z,"Sensing Biodiversity Remotely: Updates from NASA’s First Biodiversity-Focused Airborne and Field Campaign, BioSCape I Poster",presentation,2024,https://agu.confex.com/agu/agu24/meetingapp.cgi/Session/226472,,"The Biodiversity Survey of the Cape (BioSCape) is a concerted effort to test the limits and potential of remote sensing for biodiversity applications worldwide by combining field biodiversity measurements and local knowledge with advanced remote sensing. BioSCape is an integrated field,  airborne, and satellite remote sensing campaign that took place in South Africa in late 2023. The campaign collected airborne UVSWIR, TIR, and LiDAR data as well as a diversity of field measurements across terrestrial and aquatic ecosystems. In this session, we will hear about BioSCape’s unprecedented data set and how it brings us closer to measuring biodiversity variables globally from space.",,0,,False,False,False,no_doi,Terrestrial,0.13729768991470337,"{""Estuarine/Coastal"": 0.35065338015556335, ""Freshwater"": 0.34799274802207947, ""Marine"": 0.34894707798957825, ""Terrestrial"": 0.4879510700702667}",Mixed,0.00017061829566955566,"{""Phytoplankton"": 0.25404199957847595, ""Plants"": 0.3432404696941376, ""Vocal fauna"": 0.343069851398468}",Mixed,0.018343746662139893,"{""Field observation"": 0.5250610113143921, ""Machine learning"": 0.4144969582557678, ""Molecular / eDNA"": 0.38382449746131897, ""Perspective & synthesis"": 0.3917469084262848, ""Physics-based modeling"": 0.30555403232574463, ""Remote sensing"": 0.5067172646522522, ""Statistical modeling"": 0.3815247714519501}"
E5J7IQ7T,2026-02-20T01:01:16Z,BioSCape: Lessons on inclusive international collaboration in biodiversity research,presentation,2024,https://agu.confex.com/agu/agu24/meetingapp.cgi/Paper/1684523,,"BioSCape is a biodiversity-focused airborne and field campaign that collected data across terrestrial and aquatic ecosystems in South Africa, with airborne acquisitions taking place in October and November 2023. The largest funder of BioSCape was NASA, a US federal institution, and the majority of research projects withinin the BioSCape Science Team are led by US-affiliated Principal Investigators. However, by design, BioSCape’s Science Team is diverse, with over 150 members, composed of approximately equal representation from South African- and US- affiliated researchers. The Science Team is also diverse in scientific discipline, proximity to end-user, field experience, local knowledge, technical capacity, and culture. However, the large proportion of US funding in BioSCape combined with the data being collected exclusively in South Africa made the campaign vulnerable to parachute science.
Being aware of this risk, BioSCape has made progress towards developing best-practices to prevent parachute science. Here, we will present our successes and lessons learned, focusing on the ways in which BioSCape promoted co-design of the research with end-users in mind and worked towards achieving Open Science, capacity building, and outreach goals. Specifically, we will discuss how co-design enhanced potential for local impact: BioSCape may contribute towards South Africa’s tracking of progress towards the goals and targets set out in the Kunming-Montreal Global Biodiversity Framework (“The Biodiversity Plan”), to which South Africa is a signatory. We also review the ways that BioSCape ensured local expertise was incorporated in the design of both airborne and field components of the campaign, and how ethical and inclusive participation in field work was promoted and fostered across the team. We discuss how BioSCape has worked towards making all data products Findable, Accessible, Interoperable, and Reusable (FAIR), especially for South African users. Finally, we share some lessons learned and ways that future international collaborations can improve upon what BioSCape achieved.",,0,,False,False,False,no_doi,Terrestrial,0.10594387352466583,"{""Estuarine/Coastal"": 0.23464953899383545, ""Freshwater"": 0.2057027667760849, ""Marine"": 0.2421322911977768, ""Terrestrial"": 0.3480761647224426}",Mixed,0.04367533326148987,"{""Phytoplankton"": 0.22665970027446747, ""Plants"": 0.25965365767478943, ""Vocal fauna"": 0.3033289909362793}",Perspective & synthesis,0.1596178412437439,"{""Field observation"": 0.3855189383029938, ""Machine learning"": 0.329987108707428, ""Molecular / eDNA"": 0.4197794198989868, ""Perspective & synthesis"": 0.5793972611427307, ""Physics-based modeling"": 0.18818268179893494, ""Remote sensing"": 0.31842702627182007, ""Statistical modeling"": 0.2997637689113617}"
W57VJNF3,2026-02-20T01:01:10Z,BioSCape Overview,presentation,2024,https://cce.nasa.gov/biodiversity/meeting_2024/agenda.html,,,,0,,False,False,False,no_doi,,,,,,,,,
XWM7SN8Y,2026-02-20T01:01:05Z,Impacts of invasive alien species on biodiversity and ecosystem functioning,presentation,2025,https://cce.nasa.gov/biodiversity/meeting_2025/agenda.html,,,,0,,False,False,False,no_doi,,,,,,,,,
XD5AJWVX,2026-02-20T01:01:00Z,"Remote Mapping of Dissolved Organic Carbon Biogeochemistry Using Imaging Spectroscopy of the Greater Cape Floristic Region, South Africa",presentation,2024,https://agu.confex.com/agu/agu24/meetingapp.cgi/Paper/1636483,,"Coastal zones are diverse and productive regions of the land-ocean continuum, supporting rapid biogeochemical processing and material transport between terrestrial and marine ecosystems. The fate of organic carbon in these regions is poorly constrained due to spatial and temporal heterogeneity, resulting in high uncertainty in carbon fluxes along coasts. Aquatic carbon can be quantified at regional scales using ocean color remote sensing, but this approach is challenging in coastal waters containing constituents from diverse land and ocean sources with different optical properties. A new generation of hyperspectral, ocean-observing satellites in the Earth System Observatory (ESO) offer unprecedented capabilities for separating dissolved organic carbon (DOC) from other constituents in coastal waters and for characterizing the composition of dissolved organic matter. Here, we utilized airborne imaging spectroscopy from the NASA AVIRIS-NG instrument collected during the BioSCape campaign and satellite imaging spectroscopy from the NASA PACE and EMIT missions to capture DOC dynamics in the Greater Cape Floristic Region of South Africa. Using coincident measurements of in-situ spectral absorption and remote sensing reflectance collected during the BioSCape campaign, we developed algorithms that utilize high spectral resolution measurements of ocean color to retrieve DOC concentration and biogeochemical characteristics across ecologically contrasting bays and inland waters. From hyperspectral airborne imagery, we tracked organic matter from different terrestrial and marine sources in the nearshore coastal zone. Using hyperspectral satellite observations, we quantified larger-scale seasonal and disturbance-event-driven shifts in carbon concentration and biogeochemistry in South African coastal waters. Harnessing field and airborne data, particularly in under-sampled regions like southern Africa, provides opportunities to develop novel approaches to address ESO goals for global monitoring of carbon fluxes between systems, water resources, and ecosystem change.",,0,,False,False,False,no_doi,Mixed,0.014962196350097656,"{""Estuarine/Coastal"": 0.4301168620586395, ""Freshwater"": 0.32194843888282776, ""Marine"": 0.41515466570854187, ""Terrestrial"": 0.3449673354625702}",Phytoplankton,0.08092120289802551,"{""Phytoplankton"": 0.35411205887794495, ""Plants"": 0.2168370634317398, ""Vocal fauna"": 0.27319085597991943}",Mixed,0.028173625469207764,"{""Field observation"": 0.5431913137435913, ""Machine learning"": 0.2670845687389374, ""Molecular / eDNA"": 0.281327486038208, ""Perspective & synthesis"": 0.21909189224243164, ""Physics-based modeling"": 0.37240028381347656, ""Remote sensing"": 0.5150176882743835, ""Statistical modeling"": 0.17927810549736023}"
WZMQH3MN,2026-02-20T01:00:51Z,Cyanobacteria and Surface aquatic vegetation of the Cape freshwater systems (CyanoSCape): A Hyperspectral Data Campaign and Analysis,presentation,2024,https://cce.nasa.gov/biodiversity/meeting_2024/agenda.html,,,,0,,False,False,False,no_doi,,,,,,,,,
T9XFAAZH,2026-02-20T01:00:47Z,Optimizing Bio-Optical Field Data Collections for Airborne Campaigns: Insights from NASA's BioSCape program in South Africa,presentation,2024,https://agu.confex.com/agu/agu24/meetingapp.cgi/Paper/1692011,,"BioSCape is an integrated field and airborne campaign that used airborne hyperspectral data from AVIRIS-NG and PRISM aimed at mapping the biodiversity of the Cape Floristic Region of South Africa, one of the world's 36 biodiversity hotspots. It was conducted in the Fall of 2023, only a few months before the launch of NASA’s Plankton, Aerosol, Cloud, ocean Ecosystem (PACE), a mission equipped with an advanced suite of hyperspectral radiometric and polarimetric instruments, aimed at revolutionizing biodiversity mapping and ecosystem change analysis. The success of PACE for developing products for mapping aquatic biodiversity and evaluating ecosystem change studies, will depend on well-designed field campaigns that maximize bio-optical data collections, essential for validating remote measurements of water-leaving radiances. Data collected during our BioSCape survey, and the lessons learned in designing and coordinating field and airborne campaigns in transitional coastal waters are of relevance to PACE and its hyperspectral capabilities especially in coastal waters. This presentation will discuss field sampling strategies employed by us to overcome the challenges of sampling in ecologically distinct bays along South Africa’s long coastline. Measurements were undertaken on two coastal survey vessels, one that allowed us to make optical and biogeochemical measurements continuously and at discrete stations along a single flight line, and the other perpendicular to the flight path, that permitted optical measurements across several flight lines. This sampling strategy planned in close coordination with the aircraft team helped maximize our bio-optical and biogeochemical data collections across diverse bio-optical water types which were vital to the campaign's success.",,0,,False,False,False,no_doi,Mixed,0.01794290542602539,"{""Estuarine/Coastal"": 0.4246072769165039, ""Freshwater"": 0.3761783242225647, ""Marine"": 0.4425501823425293, ""Terrestrial"": 0.41111642122268677}",Phytoplankton,0.05479207634925842,"{""Phytoplankton"": 0.37553516030311584, ""Plants"": 0.3029383420944214, ""Vocal fauna"": 0.3207430839538574}",Field observation,0.09056717157363892,"{""Field observation"": 0.6001311540603638, ""Machine learning"": 0.3413294553756714, ""Molecular / eDNA"": 0.4135045111179352, ""Perspective & synthesis"": 0.33803048729896545, ""Physics-based modeling"": 0.4085274934768677, ""Remote sensing"": 0.5095639824867249, ""Statistical modeling"": 0.30033689737319946}"
TNVGFJ4X,2026-02-20T01:00:40Z,Spectral and Spatial Scaling in Biodiversity Remote Sensing: Research Conducive to BioSCape Science and Implementation Activities,presentation,2024,https://cce.nasa.gov/biodiversity/meeting_2024/agenda.html,,,,0,,False,False,False,no_doi,,,,,,,,,
K6JTH7M2,2026-02-20T01:00:35Z,Spectral and spatial scaling in biodiversity remote sensing: research conducive to BioSCape science and implementation activities,presentation,2025,https://cce.nasa.gov/biodiversity/meeting_2025/agenda.html,,,,0,,False,False,False,no_doi,,,,,,,,,
5J3TB68T,2026-02-20T01:00:30Z,Cape Traits: patterns of functional trait variation and diversity across the Greater Cape Floristic Region and comparison with other Mediterranean ecosystems,presentation,2025,https://cce.nasa.gov/biodiversity/meeting_2025/agenda.html,,,,0,,False,False,False,no_doi,,,,,,,,,
88HQJXVR,2026-02-20T01:00:26Z,BioSCape Applications,presentation,2024,https://cce.nasa.gov/biodiversity/meeting_2024/agenda.html,,,,0,,False,False,False,no_doi,,,,,,,,,
2TK3KPWP,2026-02-20T01:00:21Z,"Integrating Remote Sensing and Biodiversity Observations to Map and Monitor Plant Taxonomic, Phylogenetic, and Functional β-diversity in the Greater Cape Floristic Region",presentation,2024,https://cce.nasa.gov/biodiversity/meeting_2024/agenda.html,,,,0,,False,False,False,no_doi,,,,,,,,,
R4232JCX,2026-02-20T01:00:17Z,BioSoundSCape: Connecting acoustics and remote sensing to study habitat-animal diversity across environmental gradients,presentation,2025,https://cce.nasa.gov/biodiversity/meeting_2025/agenda.html,,,,0,,False,False,False,no_doi,,,,,,,,,
CJEEKGXS,2026-02-20T01:00:11Z,BioSoundSCape: Connecting acoustics and remote sensing to study habitat-animal diversity across environmental gradients,presentation,2024,https://cce.nasa.gov/biodiversity/meeting_2024/agenda.html,,,,0,,False,False,False,no_doi,,,,,,,,,
BR78AZFS,2026-02-20T01:00:05Z,"How well can we measure plant taxonomic, phylogenetic, and functional beta-diversity using remote sensing?",presentation,2024,https://agu.confex.com/agu/agu24/meetingapp.cgi/Paper/1654712,,"The Biodiversity Survey of the Cape (BioSCape) combines field sampling and airborne remote sensing in the Greater Cape Floristic Region (GCFR) of Southern Africa to test the potential of remote sensing to quantify biodiversity across large regions. While many studies have focused on relationships between alpha diversity and spectral diversity, little is known about how different remote sensing platforms can measure different dimensions of beta diversity - which better represents spatial variation in species composition than alpha diversity. To fill this gap, we assessed how well taxonomic, functional, and phylogenetic beta diversity can be modeled using hyperspectral and lidar data and the relative strength of these measurements in explaining different dimensions of beta diversity. While BioSCape data are being processed, we explored these questions using mature NEON datasets. We calculated taxonomic, functional, and phylogenetic beta diversity for 1,333 plant species in 1,756 plots across the eastern United States and derived 21 predictors from lidar data and 18 predictors from hyperspectral data. We fit models to each dimension of beta diversity using generalized dissimilarity modeling and assessed the relative contribution between lidar and hyperspectral predictors using variance partitioning and variable importance using permutation tests. Contrary to our expectations, deviance explained was greatest for taxonomic beta diversity (32.7%), intermediate for phylogenetic beta diversity (21.2%), and least for functional beta diversity (20.1%). Variance partitioning showed that although we found that hyperspectral consistently outperformed lidar in predicting the three dimensions of beta diversity, these different observation types contributed largely unique information, with redundancy reaching a maximum of only 10.4% for taxonomic beta diversity and a minimum of 4.2% for functional beta diversity. Our results demonstrate the ability and relative strength of hyperspectral and lidar data to predict taxonomic, phylogenetic, and functional beta diversity across large spatial scales. The modeling framework will enhance mapping different axes of beta biodiversity in GCFR featured by high levels of plant species turnover.",,0,,False,False,False,no_doi,Terrestrial,0.14891964197158813,"{""Estuarine/Coastal"": 0.3308749496936798, ""Freshwater"": 0.3056644797325134, ""Marine"": 0.33450043201446533, ""Terrestrial"": 0.48342007398605347}",Plants,0.07655897736549377,"{""Phytoplankton"": 0.28929653763771057, ""Plants"": 0.4224497973918915, ""Vocal fauna"": 0.3458908200263977}",Statistical modeling,0.05759161710739136,"{""Field observation"": 0.40025246143341064, ""Machine learning"": 0.3981618881225586, ""Molecular / eDNA"": 0.38613033294677734, ""Perspective & synthesis"": 0.259780615568161, ""Physics-based modeling"": 0.23196516931056976, ""Remote sensing"": 0.41972580552101135, ""Statistical modeling"": 0.4773174226284027}"
WR7EGWEF,2026-02-20T01:00:01Z,"Integrating remote sensing and biodiversity observations to map and monitor plant taxonomic, phylogenetic, and functional beta-diversity in the Greater Cape Floristic Region",presentation,2025,https://cce.nasa.gov/biodiversity/meeting_2025/agenda.html,,,,0,,False,False,False,no_doi,,,,,,,,,
479BMWUK,2026-02-20T00:59:47Z,Optimization of Imaging Spectrometer Specifications for Accurate Vegetation Species Identification: A Simulation-based Approach Using Convolutional Neural Networks,presentation,2023,https://agu.confex.com/agu/fm23/meetingapp.cgi/Paper/1315363,,"Obtaining high-resolution spatial and spectral imagery for accurate identification of tree species in complex forest scenes remains a challenge, regardless of the progress made in remote sensing and sensor technologies. In this study, we address this gap by leveraging complex virtual environments to gain a deeper understanding of what the ideal imaging spectrometer specifications should be. We used species classification as a proxy for other imaging spectroscopy applications. The Digital Imaging and Remote Sensing Image Generation (DIRSIG) simulation environment was used to simulate data for a virtual forest scene, based on a real Harvard Forest location (MA, USA; 42°32'19.79"" N, 72°10'31.81"" W). This effort serves as a precursor to Mediterranean species classification, as part of NASA's BioSCape program. DIRSIG is a physics-based, first principles radiometric modeling environment for the creation of synthetic remote sensing imagery that is radiometrically, geometrically, and temporally accurate. We modeled canopy-level reflectance by integrating 3D plant models, species-level leaf reflectance, atmosphere, and sensor specifications within a synthetic forest scene. This simulation approach has facilitated comprehensive traceability of error budgets, thus ensuring high-fidelity results. We simulated image samples across a range of spatial resolutions, spectral resolutions, and sensor scale resolutions by modifying the pixel pitch and the total number of pixels in the sensor array, i.e., the focal plane dimension. We subsequently evaluated the efficacy of deep learning-based convolutional neural networks (CNNs) and traditional machine learning classifiers, such as support vector machines (SVM), for classifying forest species. Classification accuracies varied widely, ranging from 50-84%, across all resolutions, with 2-17 among 23 species classes being identified. The highest accuracy of 84% was achieved at a 3nm spectral resolution and 1m spatial resolution using CNN, while even at coarser settings of 5m spatial resolution and 20nm spectral resolution, we obtained a notable accuracy of approximately 80% with increased scale resolution. The results have been instrumental in offering invaluable insights into optimizing data collection methodologies and comprehending/understanding sensor configurations, thereby leading to an improved interpretation of spectral signatures and enhanced precision in tree species mapping within complex forest scenes. Although the primary focus of our study was species classification, this approach has potential for an extensive array of imaging spectroscopy applications, since it allows us to identify optimized sensor specifications to map and monitor ecosystems. Moreover, it can be readily adapted to explore highly diverse ecological scenarios, e.g., the BioSCape Project, focused on the fynbos biome in South Africa. This will enable us to study changing species composition over time and space, better detect invasive species, and monitor the impacts of natural disturbances, such as fire, on ecosystem diversity.",,0,,False,False,False,no_doi,Terrestrial,0.0572943389415741,"{""Estuarine/Coastal"": 0.19917769730091095, ""Freshwater"": 0.2651683986186981, ""Marine"": 0.18761947751045227, ""Terrestrial"": 0.3224627375602722}",Plants,0.07548519968986511,"{""Phytoplankton"": 0.18115004897117615, ""Plants"": 0.35282421112060547, ""Vocal fauna"": 0.27733901143074036}",Mixed,0.012942731380462646,"{""Field observation"": 0.49464428424835205, ""Machine learning"": 0.5271758437156677, ""Molecular / eDNA"": 0.25247126817703247, ""Perspective & synthesis"": 0.24615605175495148, ""Physics-based modeling"": 0.5142331123352051, ""Remote sensing"": 0.43882444500923157, ""Statistical modeling"": 0.29189246892929077}"
9FU8CQM2,2026-02-20T00:59:31Z,Intrinsic Dimensionality as a metric for biodiversity: first BioSCape results,presentation,2024,https://agu.confex.com/agu/agu24/meetingapp.cgi/Paper/1635541,,"Current biodiversity metrics are typically applied to small local areas, require significant training data, and are not easily extensible globally. Our work will apply the mathematical concept of intrinsic dimensionality – quantifying the degrees of freedom in a process – as a method to characterize plant optical properties and quantify terrestrial biodiversity, without a training requirement. This represents the first approach that could realistically scale to map biodiversity at global scales, with metrics that are comparable across different regions and biomes. We will apply this to map alpha diversity at individual locations, as well as beta diversity across locales through Generalized Dissimilarity Models (GDMs), and gamma diversity over large regions.
We have applied this method to data acquired by the BioSCape campaign, a NASA airborne and field campaign designed to study biodiversity in the Cape Floristic Region in South Africa—one of the most biodiverse regions in the world. BioSCape included airborne acquisitions from AVIRIS-NG in late 2023. Here we present preliminary results of ID computed over the BioSCape flightlines and validated against field observations of species richness. These results show encouraging evidence that ID is a metric that captures biodiversity across different landscapes, without a training requirement.",,0,,False,False,False,no_doi,Terrestrial,0.09733280539512634,"{""Estuarine/Coastal"": 0.2581624984741211, ""Freshwater"": 0.2602827847003937, ""Marine"": 0.3200603723526001, ""Terrestrial"": 0.41739317774772644}",Mixed,0.015551209449768066,"{""Phytoplankton"": 0.24495524168014526, ""Plants"": 0.3261305093765259, ""Vocal fauna"": 0.3105792999267578}",Statistical modeling,0.14302444458007812,"{""Field observation"": 0.36298251152038574, ""Machine learning"": 0.3915877342224121, ""Molecular / eDNA"": 0.3578433096408844, ""Perspective & synthesis"": 0.2580474317073822, ""Physics-based modeling"": 0.24215632677078247, ""Remote sensing"": 0.3312256634235382, ""Statistical modeling"": 0.5346121788024902}"
CR3WM4JL,2026-02-20T00:59:26Z,Intrinsic dimensionality and data fusion to monitor Cape biodiversity,presentation,2025,https://cce.nasa.gov/biodiversity/meeting_2025/agenda.html,,,,0,,False,False,False,no_doi,,,,,,,,,
QKT9AS8N,2026-02-20T00:59:15Z,BioSCape: Closing the gap for global biodiversity measurements with remote sensing.,presentation,2024,https://agu.confex.com/agu/agu24/meetingapp.cgi/Paper/1634338,,"Global biodiversity is at risk and protecting ecosystems requires accessible, reliable biodiversity data products. Creating large-scale biodiversity data products is challenging - biodiversity is complex and idiosyncratic and a one-size-fits-all approach is usually inappropriate. Recent technological advancements have expanded the suite of tools available for field biodiversity surveys, however gaps in field data persist. Next-generation remote sensing approaches, including imaging spectroscopy and LiDAR, when integrated with field data, can help fill these gaps to create scalable biodiversity data products. Despite the potential of integrated field and remote sensing datasets for global biodiversity conservation, techniques are still in development, and their limitations are poorly understood. BioSCape aims to advance remote sensing of biodiversity by integrating field, airborne, satellite, and modeled datasets and then use these to better understand where biodiversity is, how it functions, and how it might change in the future to inform conservation efforts.
Here we present the Biodiversity Survey of the Cape (BioSCape), NASA’s first biodiversity-focused airborne and field campaign taking place in South Africa. We introduce BioSCape’s Open Access airborne data sets, which include 45,000km2 of contemporaneous measurements from six instruments aboard three aircraft collected in October and November 2023. Hyperspectral measurements covering ultraviolet and visible to near-, shortwave- and thermal infrared regions were collected by NASA’s PRISM, AVIRIS-NG and HyTES instruments, while LVIS collected full-waveform LiDAR measurements. Additional discrete return LiDAR and high resolution colour-infrared photography were collected by the SAEON Airborne Remote Sensing Platform. The addition of a wide range of coincident field measurements, from vegetation and phytoplankton community data to acoustic and environmental DNA sampling, and structural information from airborne and terrestrial LiDAR data make BioSCape’s dataset unprecedented and give it immense potential to impact the field of remote sensing of biodiversity. In this presentation, we also present opportunities to engage with BioSCape and plans for the coming year.",,0,,False,False,False,no_doi,Terrestrial,0.1324174404144287,"{""Estuarine/Coastal"": 0.31804195046424866, ""Freshwater"": 0.30648073554039, ""Marine"": 0.3339710235595703, ""Terrestrial"": 0.466388463973999}",Mixed,0.011891037225723267,"{""Phytoplankton"": 0.2207193821668625, ""Plants"": 0.30694106221199036, ""Vocal fauna"": 0.3188320994377136}",Mixed,0.0005681514739990234,"{""Field observation"": 0.521077036857605, ""Machine learning"": 0.4441334307193756, ""Molecular / eDNA"": 0.3643473982810974, ""Perspective & synthesis"": 0.4239676892757416, ""Physics-based modeling"": 0.3147791922092438, ""Remote sensing"": 0.520508885383606, ""Statistical modeling"": 0.3361735939979553}"
IIC9REXZ,2026-02-20T00:59:08Z,The NASA Biodiversity Survey of the Cape (BioSCape),presentation,2022,https://agu.confex.com/agu/fm22/meetingapp.cgi/Paper/1155327,,"We provide an overview of the first-ever NASA Biodiversity campaign, to be flown in 2023.

Quantifying ecosystem integrity is critical for biodiversity conservation and management and can be done by examining the different dimensions of biodiversity in a system. Recent and expected advances in remote sensing capabilities offer a suite of exciting opportunities to do this. Hyperspectral visible to short wavelength infrared (VSWIR) and thermal data from imaging spectrometers and laser altimeter (LiDAR) data are now being collected via satellite, and coverage and availability is only expected to increase. These data have the potential to provide information on the composition, structure, and function of ecosystems. However, the limits of hyperspectral and laser altimeter sensors to measure, monitor, and explain the drivers of taxonomic, phylogenetic, and functional diversity is yet to be established.
BioSCape, A Biodiversity Survey Of The Cape, will test the limits of what is possible in the field of remote sensing for biodiversity applications. The campaign is set to take place in South Africa's Greater Cape Floristic Region (GCFR), a Global Biodiversity Hotspot, and will advance our ability to measure and monitor terrestrial and aquatic biodiversity using remote sensing. During the campaign, VSWIR imaging spectroscopy data from AVIRIS-NG and PRISM will be collected alongside multispectral thermal infrared data from HyTES and LiDAR data from LVIS. Accompanying these airborne data are a variety of ground-based biodiversity-related field measurements.
Here, we present BioSCape's three major research themes: 1) the distribution and abundance of biodiversity, 2) the role of biodiversity in ecosystem function, and 3) the impacts of biodiversity change on ecosystem services. Additionally, we show how BioSCape's approach of integrating airborne data with more traditional field-based measurements will help us answer some of the most important and interesting ecological and evolutionary questions in biodiversity science.",,0,,False,False,False,no_doi,Terrestrial,0.16263985633850098,"{""Estuarine/Coastal"": 0.34998393058776855, ""Freshwater"": 0.36041101813316345, ""Marine"": 0.368083655834198, ""Terrestrial"": 0.530723512172699}",Mixed,0.002763807773590088,"{""Phytoplankton"": 0.3012339174747467, ""Plants"": 0.3411940932273865, ""Vocal fauna"": 0.34395790100097656}",Mixed,0.002678513526916504,"{""Field observation"": 0.5053767561912537, ""Machine learning"": 0.3961791396141052, ""Molecular / eDNA"": 0.40416306257247925, ""Perspective & synthesis"": 0.3270798325538635, ""Physics-based modeling"": 0.3253341019153595, ""Remote sensing"": 0.5026982426643372, ""Statistical modeling"": 0.35425806045532227}"
KTX7H9TC,2026-02-20T00:59:03Z,"Earth Observation for Estuarine Biodiversity Monitoring: Spatial, Temporal, and Spectral Needs",presentation,2023,https://agu.confex.com/agu/fm23/meetingapp.cgi/Paper/1338494,,"Estuarine biodiversity is often low due to natural stressors such as inundation and salinity. However, estuaries across South Africa have relatively high plant biodiversity and provide critical ecosystem services. Ecosystem extent mapping in these systems is often limited by the remote sensing data spatial, spectral, and temporal resolution resulting in products that exclude meaningful distinctions in habitat across the intertidal zone. The spatial and spectral resolution necessary for mapping tidal marsh ecosystems is a research gap that we seek to address. First, we compare aerial and satellite imaging spectrometer's ability to capture spectral and topographic variability across habitats at a brackish marsh in the Chesapeake Bay, MD, USA. Then we demonstrate an approach for mapping estuarine ecosystems with very high-resolution (3 m) satellite imagery and convolutional neural networks to conduct change analysis in the Greater Cape Floristic Region of South Africa and understand changes to plant functional communities in these ecosystems. We will discuss ecosystem extent change and the effect of water level on mapping in Knysna Estuary, South Africa. Tidal height significantly impacted Normalized Difference Vegetation Index (NDVI) values in the estuary's wetlands (R2=0.18, F(1, 306)=67.9, p<0.001). We discuss the potential of aerial imaging spectrometers, such as AVIRIS-ng, to further improve ecosystem extent mapping in the GCFR. These maps and analyses provide critical information for planning field data collection and algorithm development for imaging spectrometer data. As part of the BioSCape science team, we will endeavor to clarify the relationships between biodiversity, topography, and spectra across the estuaries of the Greater Cape Floristic Region.",,0,,False,False,False,no_doi,Mixed,0.014673590660095215,"{""Estuarine/Coastal"": 0.5122392177581787, ""Freshwater"": 0.4975656270980835, ""Marine"": 0.4525432884693146, ""Terrestrial"": 0.44687655568122864}",Mixed,0.00920182466506958,"{""Phytoplankton"": 0.3388786315917969, ""Plants"": 0.3627017140388489, ""Vocal fauna"": 0.37190353870391846}",Field observation,0.11677655577659607,"{""Field observation"": 0.5528578758239746, ""Machine learning"": 0.43608132004737854, ""Molecular / eDNA"": 0.3189426362514496, ""Perspective & synthesis"": 0.20708279311656952, ""Physics-based modeling"": 0.21674033999443054, ""Remote sensing"": 0.3985549807548523, ""Statistical modeling"": 0.3780049979686737}"
7PNMR3UD,2026-02-20T00:58:55Z,BioREaCH: Biodiversity-Remote sensing for Estuarine and Coastal Habitat research,presentation,2024,https://cce.nasa.gov/biodiversity/meeting_2024/agenda.html,,,,0,,False,False,False,no_doi,,,,,,,,,
22ET55R9,2026-02-20T00:58:49Z,Increasing data accessibility in multi-sensor airborne campaigns: Lessons from BioSCape,presentation,2024,https://agu.confex.com/agu/agu24/meetingapp.cgi/Paper/1745931,,"The Biodiversity Survey of the Cape (BioSCape) campaign was an airborne and field campaign focused on understanding the structure, function, and composition of biodiversity. BioSCape’s airborne data were collected across terrestrial and aquatic ecosystems in South Africa in late 2023. Airborne data were acquired via four sensors on two aircraft: PRISM (visible to near infrared wavelengths) and AVIRIS-NG (visible to shortwave infrared wavelengths) on a Gulfstream III and HyTES (thermal infrared wavelengths) and LVIS (full waveform lidar) on a Gulfstream V. Measurements from each of these instruments are independently useful for understanding ecosystems, but together, and combined with detailed field measurements, they have immense potential to expand our understanding of what drives biodiversity patterns and processes.
Coupling data from multiple airborne data requires careful data integration - even more so when the intent is to explicitly link to field observations. Here, we present BioSCape’s efforts to harmonize data from four sensors to produce a first-of-a-kind analysis-ready dataset that can easily be integrated with field data to maximize overall scientific impact by lowering barriers to using the data. Specifically, we will present our multi-sensor common-gridded mosaiced data product from the campaign and discuss the methods used to create this and the benefits of this approach. We also discuss the open-access real-time GIS portal that underpinned flight planning and quick data access: the BioSCape Data Portal, supported by NASA’s Multi-Mission Geographic Information System (MMGIS). This level of data harmonization and commitment to Open Science is somewhat novel for an airborne campaign, and we hope to present BioSCape as a case study for improving FAIR data standards in airborne science in the future.",,0,,False,False,False,no_doi,Mixed,0.0398428738117218,"{""Estuarine/Coastal"": 0.3446238338947296, ""Freshwater"": 0.33004987239837646, ""Marine"": 0.3725070655345917, ""Terrestrial"": 0.4123499393463135}",Vocal fauna,0.06288161873817444,"{""Phytoplankton"": 0.29567253589630127, ""Plants"": 0.3063352704048157, ""Vocal fauna"": 0.3692168891429901}",Mixed,0.041846513748168945,"{""Field observation"": 0.5486733913421631, ""Machine learning"": 0.41320812702178955, ""Molecular / eDNA"": 0.4064471423625946, ""Perspective & synthesis"": 0.3829137980937958, ""Physics-based modeling"": 0.3903225064277649, ""Remote sensing"": 0.590519905090332, ""Statistical modeling"": 0.34045442938804626}"
U22NGMX4,2026-02-20T00:58:39Z,Biodiversity Champions: Uniting with South African Students During the BioSCape Campaign,presentation,2023,https://agu.confex.com/agu/fm23/meetingapp.cgi/Paper/1354122,,"Biodiversity, or the variety of life on our planet, provides clean air and water, keeps soil fertile, and regulates climate. It also supports human well-being in many ways, such as providing food, medicine, and places for recreation. The Greater Cape Floristic Region (GCFR) in South Africa is a biodiversity hotspot that boasts thousands of endemic species but is threatened by habitat loss and degradation. The Biodiversity Survey of the Cape (BioSCape), a joint project between the National Aeronautics and Space Administration (NASA), the South African Environmental Observation Network (SAEON), and the South African National Space Agency (SANSA), used aircraft and various scientific equipment to collect airborne and field-based data on terrestrial and aquatic systems in the region during 2023.
The project not only championed international scientific collaboration between the United States and South Africa, but also incorporated outreach and education activities. This included the opportunity to introduce K-12 students to biodiversity-remote sensing scientific processes and empower them to become stewards of their environment and users of NASA technology. This opportunity, supported by GLOBE (Global Learning and Observation to Benefit the Environment), SAEON, and other organizations, was a chance for students – primarily from under-resourced schools – to explore their own local biodiversity through data collection, artwork, lectures, and tours. Data collected by students through the GLOBE program was used by BioSCape scientists to complement their airborne studies with ground-based measurements.

This presentation will discuss the methods of inclusive, diverse and equitable engagement, student reactions, and lessons learned during BioSCape 2023.",,0,,False,False,False,no_doi,Terrestrial,0.18860158324241638,"{""Estuarine/Coastal"": 0.3007718622684479, ""Freshwater"": 0.26718708872795105, ""Marine"": 0.27815788984298706, ""Terrestrial"": 0.48937344551086426}",Mixed,0.042624056339263916,"{""Phytoplankton"": 0.2531944215297699, ""Plants"": 0.2798982560634613, ""Vocal fauna"": 0.3225223124027252}",Mixed,0.010261237621307373,"{""Field observation"": 0.43139344453811646, ""Machine learning"": 0.3595729470252991, ""Molecular / eDNA"": 0.3808293640613556, ""Perspective & synthesis"": 0.44165468215942383, ""Physics-based modeling"": 0.29169338941574097, ""Remote sensing"": 0.3942972421646118, ""Statistical modeling"": 0.3212206959724426}"
EH9QKJJE,2026-02-20T00:58:33Z,Plant community assembly and trait evolution in the South African Greater Cape Floristic Region,presentation,2024,https://cce.nasa.gov/biodiversity/meeting_2024/agenda.html,,,,0,,False,False,False,no_doi,,,,,,,,,
QCUTXNH9,2026-02-20T00:58:27Z,Integrating Imaging Spectroscopy and Avian Functional Diversity for Biodiversity Monitoring,presentation,2025,https://agu.confex.com/agu/agu25/meetingapp.cgi/Paper/1998457,,"Biodiversity conservation in fire-prone landscapes demands innovative tools to monitor habitat quality and species distributions. This research investigates how plant functional traits derived from imaging spectroscopy influence avian diversity in the Greater Cape Floristic Region (GCFR), a globally recognized biodiversity hotspot in South Africa. Leveraging new datasets from NASA’s BioSCape mission (5 m resolution) and EMIT imaging spectrometer (60 m resolution), we explore how spectrally derived morphological and physiological traits shape bird community composition and functional guild richness across diverse habitats. We combine field-based point counts with citizen science data (eBird and SABAP2) to assess bird distributions and detect spatial patterns in functional diversity. By integrating fine- and regional-scale habitat data with fire history and avian occurrence records, this study provides a framework for mapping biodiversity and identifying conservation priorities in ecologically sensitive regions. Our work highlights the potential of remote sensing to support scalable, trait-based biodiversity monitoring and inform proactive conservation strategies in the face of environmental change.",,0,,False,False,False,no_doi,Terrestrial,0.19845637679100037,"{""Estuarine/Coastal"": 0.2672763764858246, ""Freshwater"": 0.30941078066825867, ""Marine"": 0.27190959453582764, ""Terrestrial"": 0.507867157459259}",Vocal fauna,0.14305302500724792,"{""Phytoplankton"": 0.22390078008174896, ""Plants"": 0.33965185284614563, ""Vocal fauna"": 0.48270487785339355}",Field observation,0.08248195052146912,"{""Field observation"": 0.4926595687866211, ""Machine learning"": 0.38070550560951233, ""Molecular / eDNA"": 0.3834993541240692, ""Perspective & synthesis"": 0.24628078937530518, ""Physics-based modeling"": 0.27289697527885437, ""Remote sensing"": 0.40907585620880127, ""Statistical modeling"": 0.410177618265152}"
JT9WCL6U,2026-02-18T22:58:55Z,"BioSCape: BioSoundSCape Acoustic Recordings, South Africa, 2023",dataset,2025,https://www.earthdata.nasa.gov/data/catalog/ornl-cloud-acoustic-data-cape-floristic-2372-1,10.3334/ornldaac/2372,"This dataset holds in situ sound recordings from sites in Greater Cape Floristic Region (GCFR), South Africa from June to December 2023. The recordings were collected as part of the Biodiversity Survey of the Cape (BioSCape) project, a multi-agency, NASA-led research project that integrates airborne imaging spectroscopy and lidar with a suite of measurements of biodiversity. BioSoundSCape is a BioSCape subproject seeking to relate ground-based measures of bioacoustic diversity to remote imagery. AudioMoth recorders were deployed at sites for 4 to 10 days of data collection (median = 7), and programmed to record 1 min of every 10, thus providing temporal sampling through day and night. Each recording was saved in a waveform audio file format with 16-bit digitization depth and a 48 kHz sampling rate. The recordings contain a wide range of environmental sounds such as biophony (e.g., birds, frogs, insects), anthropophony (e.g,. automobiles, airplanes) and geophony (e.g,. wind, rain). Sampling locations were stratified with respect to elevation, broad land use/land cover types, and time since wildfire disturbance. Most sites were within protected fynbos and Afromontane forest ecosystems. There were 538 sites in the wet season and 543 sites in the dry season, with most sites co-located between seasons. All sites were located within AVIRIS-NG hyperspectral acquisitions and 61% of sites were in LVIS lidar acquisitions. The dataset includes site information in tabular form and photographs of field sites.",W6927346952,10,,False,False,False,ok,Terrestrial,0.15216806530952454,"{""Estuarine/Coastal"": 0.32472988963127136, ""Freshwater"": 0.2919074296951294, ""Marine"": 0.3173029124736786, ""Terrestrial"": 0.4768979549407959}",Vocal fauna,0.40192675590515137,"{""Phytoplankton"": 0.25880977511405945, ""Plants"": 0.2864578366279602, ""Vocal fauna"": 0.6883845925331116}",Field observation,0.16345754265785217,"{""Field observation"": 0.6345208883285522, ""Machine learning"": 0.4011719822883606, ""Molecular / eDNA"": 0.4710633456707001, ""Perspective & synthesis"": 0.30121123790740967, ""Physics-based modeling"": 0.28041091561317444, ""Remote sensing"": 0.43467554450035095, ""Statistical modeling"": 0.362019807100296}"
WAGH4Y2W,2026-02-18T22:58:52Z,"BioSCape Vegetation Surveys Berg and Eerste River Catchments, South Africa, 2022-2023",dataset,2025,https://daac.ornl.gov/cgi-bin/dsviewer.pl?ds_id=2425,10.3334/ornldaac/2425,"ORNL DAAC: This dataset contains vegetation plot survey data collected at 36 sites across the Berg and Eerste River catchments in the Western Cape, South Africa collected during 2022 and again in 2023 during the 2023 BioSCape Field Collection season. Sampling protocols were designed by the BioSCape Leadership team for use by multiple teams to generate standardized and comparable vegetation plot data across sites. Each plot was circular, 10 m in diameter, and representative of the vegetation community. Species were identified at each 1-m mark along the N-S and W-E transects, totaling 42 identifications per plot. Fractional ground cover of the plot, fractional vegetation dominance, and rarefaction counts for each plot were recorded at all plots from 2023. Data from 2022 have fractional ground cover of the NE quadrant and fractional vegetation dominance. These data are provided in comma separated values (CSV) format. The boundaries of the patches where the vegetation plots were located were recorded as polygons in included Keyhole Markup Language (KML) files.",W6927598832,11,,False,False,False,ok,Terrestrial,0.1076580286026001,"{""Estuarine/Coastal"": 0.33467474579811096, ""Freshwater"": 0.43796414136886597, ""Marine"": 0.23553138971328735, ""Terrestrial"": 0.5456221699714661}",Plants,0.05939343571662903,"{""Phytoplankton"": 0.25986775755882263, ""Plants"": 0.4039513170719147, ""Vocal fauna"": 0.34455788135528564}",Field observation,0.16396301984786987,"{""Field observation"": 0.5707398653030396, ""Machine learning"": 0.3070857524871826, ""Molecular / eDNA"": 0.4067768454551697, ""Perspective & synthesis"": 0.2230384349822998, ""Physics-based modeling"": 0.16947518289089203, ""Remote sensing"": 0.3308708965778351, ""Statistical modeling"": 0.2774517238140106}"
V2MPBCTI,2026-02-18T22:58:26Z,BioSCape: AVIRIS-NG L2B Enhanced Surface Reflectance,dataset,2025,https://www.earthdata.nasa.gov/data/catalog/ornl-cloud-bioscape-avng-l2b-brdf-gcfr-2385-1,10.3334/ornldaac/2385,"This dataset holds corrected surface reflectance (L2B) from the Airborne Visible / Infrared Imaging Spectrometer-Next Generation (AVIRIS-NG) instrument flown on a NASA Gulfstream III aircraft during the Biodiversity Survey of the Cape (BioSCape) project. AVIRIS-NG imagery was acquired in October - November 2023 over the Greater Cape Floristic Region (GCFR), South Africa. BioSCape is a multi-agency, NASA-led research project that integrates airborne imaging spectroscopy and lidar with a suite of measurements of biodiversity. L2B surface reflectance was derived from L1B radiance data in 425 bands, and this enhanced L2B product includes topographic, glint, and bidirectional reflectance distribution function (BRDF) corrections. Data were georeferenced and projected into UTM coordinates. These files hold the original native ancillary information relevant to the image, as well as the ancillary masks used in the creation and parameterization of the topography, glint, and BRDF corrections applied to enhance these image products. The data are provided in netCDF format.",W6927466193,4,,False,False,False,ok,Terrestrial,0.07522004842758179,"{""Estuarine/Coastal"": 0.3220173120498657, ""Freshwater"": 0.2576485276222229, ""Marine"": 0.34806114435195923, ""Terrestrial"": 0.423281192779541}",Mixed,0.026501446962356567,"{""Phytoplankton"": 0.25704532861709595, ""Plants"": 0.2835467755794525, ""Vocal fauna"": 0.23649601638317108}",Remote sensing,0.1633884608745575,"{""Field observation"": 0.4378022849559784, ""Machine learning"": 0.304811954498291, ""Molecular / eDNA"": 0.31351181864738464, ""Perspective & synthesis"": 0.24863705039024353, ""Physics-based modeling"": 0.3731333017349243, ""Remote sensing"": 0.6011907458305359, ""Statistical modeling"": 0.2341054230928421}"
NVFCDSB2,2026-02-18T22:58:15Z,"Biodiversity Survey of the Cape (BioSCape)BioSCape Estuary Wetland Vegetation Plot Data and Habitat Extents, South Africa",preprint,2025,https://daac.ornl.gov/cgi-bin/dsviewer.pl?ds_id=2441,10.3334/ornldaac/2441,"This dataset provides vegetation information for 64 coastal wetland plots and coastal wetland extent maps for three habitat classes in 84 estuaries in South Africa. The vegetation plot data include vegetation species occurrence, percent cover, salinity, representative vegetation heights, porewater salinity, and ground temperature. In situ plot data were collected between October 27 and November 10, 2023, in Swartvlei Estuary, Wilderness Lakes, Knynsa Estuary, and Langebaan Lagoon within lands administered by the South African National Parks. The habitat extent maps were created for 84 estuaries across the Greater Cape Floristic Region. The classification is a single point in time representing the growing season when the plot data were collected (December 2023-January 2024). The habitat extent data were created with PlanetScope satellite classified with a U-Net semantic segmentation algorithm. The habitats classified are salt marsh, submerged aquatic vegetation, and reeds & sedges. Plot and habitat data were collected and created to inform analysis of the imaging spectroscopy and LiDAR data collected as part of the BioSCape field campaign. The data are provided in cloud optimized GeoTIFF, comma separated values, and geopackage formats.",W6927562138,11,,False,False,False,ok,Mixed,0.021397829055786133,"{""Estuarine/Coastal"": 0.5444132685661316, ""Freshwater"": 0.506249725818634, ""Marine"": 0.43166583776474, ""Terrestrial"": 0.5658110976219177}",Plants,0.06839624047279358,"{""Phytoplankton"": 0.3379341959953308, ""Plants"": 0.42428258061408997, ""Vocal fauna"": 0.3558863401412964}",Field observation,0.08317330479621887,"{""Field observation"": 0.4466243088245392, ""Machine learning"": 0.3413616120815277, ""Molecular / eDNA"": 0.3392280638217926, ""Perspective & synthesis"": 0.24113252758979797, ""Physics-based modeling"": 0.11828622221946716, ""Remote sensing"": 0.3634510040283203, ""Statistical modeling"": 0.33780336380004883}"
3ACKTURE,2026-02-18T22:57:28Z,"BioSCape Estuary Wetland Vegetation Plot Data and Habitat Extents, South Africa",dataset,2025,https://daac.ornl.gov/cgi-bin/dsviewer.pl?ds_id=2441,10.3334/ornldaac/2441,"This dataset provides vegetation information for 64 coastal wetland plots and coastal wetland extent maps for three habitat classes in 84 estuaries in South Africa. The vegetation plot data include vegetation species occurrence, percent cover, salinity, representative vegetation heights, porewater salinity, and ground temperature. In situ plot data were collected between October 27 and November 10, 2023, in Swartvlei Estuary, Wilderness Lakes, Knynsa Estuary, and Langebaan Lagoon within lands administered by the South African National Parks. The habitat extent maps were created for 84 estuaries across the Greater Cape Floristic Region. The classification is a single point in time representing the growing season when the plot data were collected (December 2023-January 2024). The habitat extent data were created with PlanetScope satellite classified with a U-Net semantic segmentation algorithm. The habitats classified are salt marsh, submerged aquatic vegetation, and reeds & sedges. Plot and habitat data were collected and created to inform analysis of the imaging spectroscopy and LiDAR data collected as part of the BioSCape field campaign. The data are provided in cloud optimized GeoTIFF, comma separated values, and geopackage formats.",W6927562138,11,,False,False,False,ok,Mixed,0.013230204582214355,"{""Estuarine/Coastal"": 0.5495191216468811, ""Freshwater"": 0.5119341611862183, ""Marine"": 0.4250645935535431, ""Terrestrial"": 0.5362889170646667}",Plants,0.05737656354904175,"{""Phytoplankton"": 0.33670032024383545, ""Plants"": 0.4081660211086273, ""Vocal fauna"": 0.35078945755958557}",Field observation,0.07879680395126343,"{""Field observation"": 0.4459342360496521, ""Machine learning"": 0.3569928705692291, ""Molecular / eDNA"": 0.32448387145996094, ""Perspective & synthesis"": 0.23695866763591766, ""Physics-based modeling"": 0.12327899783849716, ""Remote sensing"": 0.36713743209838867, ""Statistical modeling"": 0.32989147305488586}"
QUBQA73C,2026-02-18T22:56:15Z,"Foliar Trait and Spectroscopy Data, Greater Cape Floristic Region, South Africa",dataset,2026,https://www.earthdata.nasa.gov/data/catalog/ornl-cloud-bioscape-foliar-trait-spec-2482-1,,"Foliar Trait and Spectroscopy Data, Greater Cape Floristic Region, South Africa",,0,,False,False,False,no_doi,Terrestrial,0.3349854052066803,"{""Estuarine/Coastal"": 0.2531698942184448, ""Freshwater"": 0.2686540186405182, ""Marine"": 0.32372936606407166, ""Terrestrial"": 0.658714771270752}",Plants,0.12891289591789246,"{""Phytoplankton"": 0.3071100115776062, ""Plants"": 0.4901563823223114, ""Vocal fauna"": 0.36124348640441895}",Mixed,0.022697269916534424,"{""Field observation"": 0.357511043548584, ""Machine learning"": 0.22666475176811218, ""Molecular / eDNA"": 0.33481377363204956, ""Perspective & synthesis"": 0.07656832784414291, ""Physics-based modeling"": 0.14312489330768585, ""Remote sensing"": 0.2970257103443146, ""Statistical modeling"": 0.2994527220726013}"
LLKNG6UF,2026-02-17T16:56:24Z,BioSCape Data Skills Workshop - From the Field to the Image,presentation,2024,https://zenodo.org/records/14198990,10.5281/zenodo.14198990,"BioSCape, the Biodiversity Survey of the Cape, is NASA’s first biodiversity-focused airborne and field campaign that was conducted in South Africa in 2023. BioSCape’s primary objective is to study the structure, function, and composition of the region’s ecosystems, and how and why they are changing.

BioSCape’s airborne dataset is unprecedented, with AVIRIS-NG, PRISM, and HyTES imaging spectrometers capturing spectral data across the UV, visible and infrared at high resolution and LVIS acquiring coincident full-waveform lidar. BioSCape’s field dataset is equally impressive, with 18 PI-led projects collecting data ranging from the diversity and phylogeny of plants, kelp and phytoplankton, eDNA, landscape acoustics, plant traits, blue carbon accounting, and more

This workshop will equip participants with the skills to find, subset, and visualize the various BioSCape field and airborne (imaging spectroscopy and full-waveform lidar) data sets. Participants will learn data skills through worked examples in terrestrial and aquatic ecosystems, including: wrangling lidar data, performing band math calculations, calculating spectral diversity metrics, machine learning and image classification, and mapping functional traits using partial least squares regression. The workshop format is a mix of expert talks and interactive coding notebooks and will be run through the BioSCape Cloud computing environment.",W6949332029,10,US;US;ZA;US;US;ZA;ZA;US;US;US;US,True,True,True,ok,Terrestrial,0.08638578653335571,"{""Estuarine/Coastal"": 0.40144461393356323, ""Freshwater"": 0.3730268180370331, ""Marine"": 0.3639683723449707, ""Terrestrial"": 0.48783040046691895}",Mixed,0.02651640772819519,"{""Phytoplankton"": 0.38393160700798035, ""Plants"": 0.40165627002716064, ""Vocal fauna"": 0.42817267775535583}",Mixed,0.03668332099914551,"{""Field observation"": 0.5925726294517517, ""Machine learning"": 0.45917588472366333, ""Molecular / eDNA"": 0.44183751940727234, ""Perspective & synthesis"": 0.47358179092407227, ""Physics-based modeling"": 0.30842337012290955, ""Remote sensing"": 0.5558893084526062, ""Statistical modeling"": 0.334981769323349}"
W698BLF4,2026-02-16T19:09:28Z,Bioscape: Combining Airborne Hyperspectral and Laser Altimeter with Field Data to Advance Remote Sensing of Biodiversity,conferencePaper,2023,https://ieeexplore.ieee.org/document/10282039/,10.1109/igarss52108.2023.10282039,,W4387803391,6,ZA;US;US;ZA;ZA;US;ZA;US;US,True,True,True,ok,,,,,,,,,
6PV79TXY,2026-02-16T19:06:03Z,"Bio-optical and biogeochemical parameterization of IOP-traceable, hyperspectral Rrs datasets for transitional water applications",conferencePaper,2023,https://researchspace.csir.co.za/dspace/handle/10204/13499,,"The diversity of phytoplankton communities and the robustness of ecosystem stability over annual and interannual time scales is not well characterized in South Africa. Extensive optical & biogeochemical field measurements are being collected in the HyperCAAT dataset will facilitate the development of new and improved algorithms and indicators for upcoming international hyperspectral earth observing satellite missions like NASA PACE. Identifying instability in intact and transformed aquatic ecosystems enables targeted management interventions. This study will contribute to improved capabilities for water quality and ecosystem health monitoring from space. This is ongoing work. The Hyperspectral Capabilities across Atmospheric, Aquatic and Terrestrial Domains (HyperCAAT) project incorporates in- and above-water radiometry, hyperspectral satellite and airborne match-ups to parameterize an extensive IOP-traceable spectral library. Investigations using this dataset will identify tipping points in Rrs signal change with respect to algal biomass (eutrophication indicators) and to evaluate signal sensitivity requirements for distinguishing algal types as well as  differentiation from suspended non-algal particulate, aquatic vegetation, and bottom effects. In support of the NASA hyperspectral imaging campaign in the Greater Cape Floristic Region of the Western Cape (i.e. BioSCAPE). This study focuses on the highly dynamic, optically complex coastal and inland water bodies of the Western Cape, and features broad diversity in sites and in situ parameters.",,0,,False,False,False,no_doi,Marine,0.0603499710559845,"{""Estuarine/Coastal"": 0.36613893508911133, ""Freshwater"": 0.38612255454063416, ""Marine"": 0.44647252559661865, ""Terrestrial"": 0.2694952189922333}",Phytoplankton,0.1666814088821411,"{""Phytoplankton"": 0.4585557281970978, ""Plants"": 0.29187431931495667, ""Vocal fauna"": 0.21865470707416534}",Mixed,0.042923927307128906,"{""Field observation"": 0.4725969731807709, ""Machine learning"": 0.2615375518798828, ""Molecular / eDNA"": 0.289761483669281, ""Perspective & synthesis"": 0.1377188116312027, ""Physics-based modeling"": 0.3524618446826935, ""Remote sensing"": 0.42967304587364197, ""Statistical modeling"": 0.24451479315757751}"
XDKCBRZQ,2026-02-16T18:58:26Z,Practices to Decrease Parachute Science in Remote Sensing: A Case Study from South Africa,conferencePaper,2025,https://ieeexplore.ieee.org/abstract/document/11242638,10.1109/igarss55030.2025.11242638,"""Parachute science"" is when research is conducted in foreign countries without engaging local people and institutions. It is a colonial practice that most often occurs when researchers from high income countries work in low and middle income countries. Remote sensing field campaigns in low and middle income countries are particularly vulnerable to parachute science. This paper reviews BioSCape, a remote sensing field campaign in South Africa, and its efforts to mitigate parachute science. We discuss strategies for equitable collaboration, trust-building, and knowledge-sharing, highlighting successes and areas for improvement that we hope can guide future campaigns towards greater inclusivity and equity.",W4416727060,5,US;ZA;US;US;US;US,True,True,True,ok,Terrestrial,0.14657655358314514,"{""Estuarine/Coastal"": 0.16455864906311035, ""Freshwater"": 0.12146217375993729, ""Marine"": 0.13371962308883667, ""Terrestrial"": 0.3111352026462555}",Vocal fauna,0.0837973803281784,"{""Phytoplankton"": 0.06015799194574356, ""Plants"": 0.13776947557926178, ""Vocal fauna"": 0.22156685590744019}",Perspective & synthesis,0.19931957125663757,"{""Field observation"": 0.36396071314811707, ""Machine learning"": 0.2702215611934662, ""Molecular / eDNA"": 0.2087159901857376, ""Perspective & synthesis"": 0.5632802844047546, ""Physics-based modeling"": 0.22587265074253082, ""Remote sensing"": 0.3165692687034607, ""Statistical modeling"": 0.15840260684490204}"
2BEAQS29,2026-02-16T18:57:19Z,Increasing Data Access in Multi-Sensor Airborne Campaigns: Lessons from BioSCape in South Africa,conferencePaper,2024,https://ieeexplore.ieee.org/document/10641184,10.1109/igarss53475.2024.10641184,"BioSCape, or the Biodiversity Survey of the Cape, is NASA’s first biodiversity-focused integrated remote sensing field campaign. The campaign aims to better understand the structure, function, and composition of the region’s ecosystems, and to learn about how and why they are changing in time. To do this, airborne and field data were collected across aquatic and terrestrial ecosystems in the Greater Cape Floristic Region in southwestern South Africa in 2023. Airborne acquisitions included data from three imaging spectrometers sampling across the electromagnetic spectrum (UVSWIR and TIR) and coincident full-waveform lidar data. Field datasets included measurements to quantify the diversity of plant communities including alien invasives and kelp, phytoplankton functional types, phylogenetic histories, eDNA in watersheds, bird and frog acoustics, plant functional and spectral traits, blue carbon, and in-water radiometry. BioSCape’s airborne and field datasets are diverse and complex, and the airborne data in particular is not inherently easy to use. In this paper we outline the procedures BioSCape followed to ensure maximum impact of the data and support of Open Science and FAIR data principles.",W4402265651,7,US;US;US;ZA;US;US;US,True,True,True,ok,Terrestrial,0.13820543885231018,"{""Estuarine/Coastal"": 0.38123250007629395, ""Freshwater"": 0.371198445558548, ""Marine"": 0.4016593396663666, ""Terrestrial"": 0.5398647785186768}",Mixed,0.001997619867324829,"{""Phytoplankton"": 0.34126484394073486, ""Plants"": 0.4170248508453369, ""Vocal fauna"": 0.4150272309780121}",Field observation,0.06270897388458252,"{""Field observation"": 0.6042127013206482, ""Machine learning"": 0.4092818796634674, ""Molecular / eDNA"": 0.4347056746482849, ""Perspective & synthesis"": 0.3407667279243469, ""Physics-based modeling"": 0.31969407200813293, ""Remote sensing"": 0.5415037274360657, ""Statistical modeling"": 0.3505033850669861}"
JU8YJ3BY,2026-02-16T15:27:09Z,BioSCape Coastal Carbon,dataset,2023,https://seabass.gsfc.nasa.gov/experiment/BIOSCAPE_COASTAL_CARBON,10.5067/seabass/bioscape_coastal_carbon/data001,"This dataset includes the spectral absorption and fluorescence characteristics of colored dissolved organic matter (CDOM) and coincident field measurements of hyperspectral water remote sensing reflectance collected in coastal and inland waters around South Africa's Greater Cape Floristic Region (GCFR) as part of NASA's Biodiversity Survey of the Cape (BioSCape) field campaign in 2023. Samples cover three ecologically distinct but socio-economically vital coastal bays: St. Helena Bay, Walker Bay, and Algoa Bay, as well as four contrasting inland aquatic systems: Rietvlei wetland, Zeekoevlei lake, Theewaterskloof dam, and the Klein River estuary. Data from this and other elements of the BioSCape project can be found via the NASA Earthdata portal (https://search.earthdata.nasa.gov).",W6948629653,1,,False,False,False,ok,Estuarine/Coastal,0.06851750612258911,"{""Estuarine/Coastal"": 0.633663535118103, ""Freshwater"": 0.5394688248634338, ""Marine"": 0.5651460289955139, ""Terrestrial"": 0.5030468106269836}",Phytoplankton,0.14097273349761963,"{""Phytoplankton"": 0.5601987838745117, ""Plants"": 0.4192260503768921, ""Vocal fauna"": 0.3871367573738098}",Field observation,0.1298198103904724,"{""Field observation"": 0.5734311938285828, ""Machine learning"": 0.3067910075187683, ""Molecular / eDNA"": 0.44361138343811035, ""Perspective & synthesis"": 0.2663385570049286, ""Physics-based modeling"": 0.28372275829315186, ""Remote sensing"": 0.37529924511909485, ""Statistical modeling"": 0.35553503036499023}"
7K2KFXD5,2026-02-16T01:02:42Z,The NASA Biodiversity Survey of the Cape (BioSCape),conferencePaper,2023,https://opg.optica.org/abstract.cfm?uri=HMISE-2023-HM2C.3,10.1364/hmise.2023.hm2c.3,NASA’s first-ever Biodiversity campaign will fly in 2023. Three imaging spectrometers and a lidar onboard two aircraft and a team of over 100 scientists will converge to advance remote sensing of terrestrial and aquatic biodiversity.,W4387701586,5,US;US;US;ZA;US;US;ZA;US;ZA;US;US,True,True,True,ok,Terrestrial,0.10785433650016785,"{""Estuarine/Coastal"": 0.3077485263347626, ""Freshwater"": 0.30100566148757935, ""Marine"": 0.3448732793331146, ""Terrestrial"": 0.45272761583328247}",Vocal fauna,0.0760079026222229,"{""Phytoplankton"": 0.27081000804901123, ""Plants"": 0.2728179097175598, ""Vocal fauna"": 0.3488258123397827}",Mixed,0.01899704337120056,"{""Field observation"": 0.4642251431941986, ""Machine learning"": 0.37591469287872314, ""Molecular / eDNA"": 0.40914037823677063, ""Perspective & synthesis"": 0.4344562888145447, ""Physics-based modeling"": 0.3007272183895111, ""Remote sensing"": 0.44522809982299805, ""Statistical modeling"": 0.3242785632610321}"
NCNJL4LH,2026-02-16T00:34:57Z,"Dissolved Organic Matter Dynamics in South African Nearshore Waters and Freshwater Systems: Linkages to Changing Human Activity, Episodic Events, and Biodiversity",journalArticle,2026,https://onlinelibrary.wiley.com/doi/abs/10.1029/2025JG009331,10.1029/2025jg009331,"The biodiverse and rapidly changing Greater Cape Floristic Region (GCFR) of southern Africa is outlined by coastal bays that receive dissolved organic matter (DOM) from rivers draining complex catchments composed of natural, agricultural, and urban land classes. As part of NASA's BioSCape field campaign (October–November 2023), we characterized the optical properties of three GCFR coastal bays (St. Helena, Walker, and Algoa) and four inland systems (Rietvlei wetland, Zeekoevlei lake, Theewaterskloof dam, and the Klein River estuary) in relation to DOM biogeochemistry and carbon cycling. Measurements of the optical properties of colored DOM (CDOM), including absorption at 300 nm (ag300), spectral slope (S275–295), and fluorescence, highlighted the bio-optical complexity associated with terrestrial influences, urban disturbances, intense biological activity, and rapid transformations along this dynamic coastline. CDOM in the coastal bays was characterized by an order of magnitude lower ag300 (0.5–2.8 m−1) and considerably higher S275–295 (0.020–0.031 nm−1) compared to upstream waters (25–71 m−1 and 0.012–0.019 nm−1, respectively), suggesting intense biological production and/or photochemical degradation. Coastal DOM was mostly (>75%) composed of protein-like compounds indicative of primary production, whereas inland DOM was mostly composed of terrigenous humic materials and had higher overall fluorescence signal. Satellite retrievals, using Sentinel-3 OLCI and Sentinel-2 MSI imagery, captured the relative influence of different rivers on coastal DOM dynamics and revealed that episodic events—extended periods of drought punctuated by heavy precipitation—are the primary drivers of biogeochemical variability along this globally significant, coastal biodiversity hotspot.",W7128517324,22,US;US;US;US;US;US;US;US;US;US;US;US;US;US;US;ZA;ZA;ZA;ZA;ZA;ZA;ZA;ZA;ZA;ZA;ZA;US;US;ZA;US;US;US;ZA;ZA,True,True,True,ok,Mixed,0.02565041184425354,"{""Estuarine/Coastal"": 0.4783332943916321, ""Freshwater"": 0.45268288254737854, ""Marine"": 0.44135287404060364, ""Terrestrial"": 0.4020797610282898}",Phytoplankton,0.18246719241142273,"{""Phytoplankton"": 0.443418025970459, ""Plants"": 0.25266435742378235, ""Vocal fauna"": 0.26095083355903625}",Field observation,0.08405080437660217,"{""Field observation"": 0.4500521719455719, ""Machine learning"": 0.174211785197258, ""Molecular / eDNA"": 0.3660013675689697, ""Perspective & synthesis"": 0.13914641737937927, ""Physics-based modeling"": 0.2590072453022003, ""Remote sensing"": 0.2815955877304077, ""Statistical modeling"": 0.27339789271354675}"
RLHCTNX5,2026-02-12T23:52:35Z,Optimal Temporal Windows for Mapping Fynbos Seep Wetlands Using Unmanned Aerial Vehicle Data,journalArticle,2025,https://www.mdpi.com/2673-7086/5/4/60,10.3390/geographies5040060,"Despite growing international interest in seasonal effects on wetland vegetation mapping, there is a notable lack of research focused on South Africa’s unique fynbos wetlands, leaving a critical gap in understanding the spatiotemporal dynamics of fynbos ecosystems. This study aimed to assess the ability of Parrot Sequoia and MicaSense RedEdge-M UAV data collected during six seasonal periods between 2018 and 2020 to discriminate between fynbos wetland vegetation species. It also identifies the most suitable time of year for accurate species-level classification. The highest classification accuracy (OA = 98.0%) was achieved in late winter and early summer (OA = 90.1%), while the lowest (OA = 57.2%) occurred in mid-autumn. Most species attained high user and producer accuracies, though Erica serrata and Tetraria thermalis were more inconsistently classified. A Kruskal–Wallis test revealed a significant effect of seasonality on user and producer accuracy as well as kappa (p < 0.05). A Wilcoxon rank-sum test indicated that the accuracy metrics were not significantly different (p > 0.05) when different sensors were used within the same season. The results suggest that conservation agencies and researchers should collect remote sensing data at the end of winter to take advantage of phenological differences between plant species.",W4415370614,3,ZA;ZA;ZA;ZA,False,True,False,ok,Terrestrial,0.11511343717575073,"{""Estuarine/Coastal"": 0.3124588429927826, ""Freshwater"": 0.37848642468452454, ""Marine"": 0.30740728974342346, ""Terrestrial"": 0.49359986186027527}",Mixed,0.03894209861755371,"{""Phytoplankton"": 0.25606125593185425, ""Plants"": 0.3624246418476105, ""Vocal fauna"": 0.4013667404651642}",Field observation,0.07672387361526489,"{""Field observation"": 0.462654709815979, ""Machine learning"": 0.35973697900772095, ""Molecular / eDNA"": 0.348477303981781, ""Perspective & synthesis"": 0.2563075125217438, ""Physics-based modeling"": 0.20223526656627655, ""Remote sensing"": 0.3859308362007141, ""Statistical modeling"": 0.3678208291530609}"
UN76IRU3,2026-02-12T01:05:56Z,RadSCape: Radiative Transfer Simulation and Validation of the Dynamic Structural and Spectral Properties of the Veget,preprint,2025,https://essopenarchive.org/doi/full/10.22541/essoar.174349929.95838196/v1,10.22541/essoar.174349929.95838196/v1,,W4409036697,3,US;US,True,False,False,ok,,,,,,,,,
P8A6FNBK,2026-02-09T23:37:16Z,Reducing the labeling burden in time-series mapping using Common Ground: a semi-automated approach to tracking changes in land cover and species over time,preprint,2026,http://arxiv.org/abs/2602.04373,10.48550/arxiv.2602.04373,"Reliable classification of Earth Observation data depends on consistent, up-to-date reference labels. However, collecting new labelled data at each time step remains expensive and logistically difficult, especially in dynamic or remote ecological systems. As a response to this challenge, we demonstrate that a model with access to reference data solely from time step t0 can perform competitively on both t0 and a future time step t1, outperforming models trained separately on time-specific reference data (the gold standard). This finding suggests that effective temporal generalization can be achieved without requiring manual updates to reference labels beyond the initial time step t0. Drawing on concepts from change detection and semi-supervised learning (SSL), the most performant approach, ""Common Ground"", uses a semi-supervised framework that leverages temporally stable regions-areas with little to no change in spectral or semantic characteristics between time steps-as a source of implicit supervision for dynamic regions. We evaluate this strategy across multiple classifiers, sensors (Landsat-8, Sentinel-2 satellite multispectral and airborne imaging spectroscopy), and ecological use cases. For invasive tree species mapping, we observed a 21-40% improvement in classification accuracy using Common Ground compared to naive temporal transfer, where models trained at a single time step are directly applied to a future time step. We also observe a 10 -16% higher accuracy for the introduced approach compared to a gold-standard approach. In contrast, when broad land cover categories were mapped across Europe, we observed a more modest 2% increase in accuracy compared to both the naive and gold-standard approaches. These results underscore the effectiveness of combining stable reference screening with SSL for scalable and label-efficient multi-temporal remote sensing classification.",W7127968451,4,,False,False,False,ok,Mixed,0.005918964743614197,"{""Estuarine/Coastal"": 0.20319627225399017, ""Freshwater"": 0.20911523699760437, ""Marine"": 0.15118925273418427, ""Terrestrial"": 0.19560076296329498}",Vocal fauna,0.06649701297283173,"{""Phytoplankton"": 0.10945656150579453, ""Plants"": 0.11491952836513519, ""Vocal fauna"": 0.18141654133796692}",Machine learning,0.13353216648101807,"{""Field observation"": 0.3290254771709442, ""Machine learning"": 0.4625576436519623, ""Molecular / eDNA"": 0.20394285023212433, ""Perspective & synthesis"": 0.2074442356824875, ""Physics-based modeling"": 0.15115083754062653, ""Remote sensing"": 0.25148168206214905, ""Statistical modeling"": 0.27020755410194397}"
3LSLHSYI,2026-02-09T18:57:44Z,Monitoring Leucadendron argenteum populations: exploring opportunities offered by emerging technologies,thesis,2026,,,"Monitoring threatened vegetation requires high-resolution and repeatable surveys. The Cape Floristic Region hosts a range of endemic species, one of them being Leucadendron argenteum. Leucadendron argenteum is a rare, silveryleafed endemic to the Cape Peninsula. This study evaluated whether airborne hyperspectral imaging and LiDAR can reliably distinguish L. argenteum from other vegetation in the region using NASA’s BioSCape campaign, which provided AVIRIS-NG hyperspectral imaging and LVIS LiDAR data. Seven 10 m × 10 m plots on Devil’s Peak and Tokai were made as ground truths to validate LiDAR’s field height measurements. LiDAR waveforms were filtered, corrected for ground elevations, and used to calculate relative height metrics. LiDAR showed a positive correspondence with field-measured heights. A spectral library of 25 species and 359 samples was vector normalised and reduced through a PCA, then passed on to Random Forest, Support Vector Machine (Linear and Radial Basis Function), k-nearest neighbours, and logistic regression classification algorithms. As a result, L. argenteum produced a distinctive spectral signature from other sampled vegetation. Random forest had the highest overall accuracy of 26% and other classification algorithms ranged from 11-15%. Random forest also had the highest classification accuracy for L. argenteum with an accuracy of 90%. Probability mapping predicted Silvertree occurrences across the peninsula and highlighted known Silvertree populations. These results show that fusing hyperspectral imaging and LiDAR can help monitor populations of L. argenteum across the Cape Floristic Region. Having such instruments in future could facilitate long-term management plans for the tracking of this species.",,0,,False,False,False,no_doi,Terrestrial,0.18047413229942322,"{""Estuarine/Coastal"": 0.29896965622901917, ""Freshwater"": 0.2936481237411499, ""Marine"": 0.29526200890541077, ""Terrestrial"": 0.4794437885284424}",Plants,0.07521334290504456,"{""Phytoplankton"": 0.17466112971305847, ""Plants"": 0.392121285200119, ""Vocal fauna"": 0.31690794229507446}",Mixed,0.02891719341278076,"{""Field observation"": 0.5552789568901062, ""Machine learning"": 0.390117883682251, ""Molecular / eDNA"": 0.32420477271080017, ""Perspective & synthesis"": 0.26680076122283936, ""Physics-based modeling"": 0.3200579881668091, ""Remote sensing"": 0.5263617634773254, ""Statistical modeling"": 0.33518585562705994}"
G74SW35Q,2026-01-29T21:31:07Z,Assessment of Structural Differences in a Low-Stature Mediterranean-Type Shrubland Using Structure-From-Motion (SfM),journalArticle,2025,https://www.mdpi.com/2072-4292/17/16/2784,10.3390/rs17162784,"Structural traits of vegetation, derived from the three-dimensional distribution of plant elements, are closely linked to ecosystem functions such as productivity and habitat provision. While extensively studied in forest ecosystems, these traits remain understudied in low-stature systems such as Mediterranean-type shrublands. In this study we explore the use of structural metrics derived from small unmanned aerial system (UAS)-based 3D point clouds, generated using the structure-from-motion (SfM) photogrammetry technique, to assess post-fire vegetation structure and biodiversity in the fynbos biome of the Cape Floristic Region (CFR), South Africa. Fynbos is a fire-adapted shrubland that represents nearly 80% of plant species in the CFR, making post-disturbance monitoring critical for conservation. We extracted three structural metrics—canopy height, top rugosity, and surface gap ratio—and achieved ~85% accuracy in classifying 5 × 5 m subplots by burn year using a Multi-Layer Perceptron (MLP), with canopy height as the strongest predictor. Additionally, top rugosity and gap ratio significantly contributed to modeling percentage cover-based species diversity. Our findings demonstrate that UAS-derived structural metrics provide valuable information for characterizing vegetation recovery and biodiversity patterns in low-stature, fire-prone ecosystems. This approach can support ecological monitoring and inform conservation strategies in Mediterranean-type shrublands.",W4413201395,6,US;US;US;ZA;ZA;US;US,True,True,True,ok,Terrestrial,0.3239508867263794,"{""Estuarine/Coastal"": 0.20701783895492554, ""Freshwater"": 0.24619288742542267, ""Marine"": 0.2226785272359848, ""Terrestrial"": 0.5701437592506409}",Plants,0.16141247749328613,"{""Phytoplankton"": 0.21483345329761505, ""Plants"": 0.42239055037498474, ""Vocal fauna"": 0.2609780728816986}",Mixed,0.02642875909805298,"{""Field observation"": 0.40894219279289246, ""Machine learning"": 0.3747835159301758, ""Molecular / eDNA"": 0.2755696773529053, ""Perspective & synthesis"": 0.3006240427494049, ""Physics-based modeling"": 0.26199236512184143, ""Remote sensing"": 0.3825134336948395, ""Statistical modeling"": 0.30134502053260803}"
J3MTAXFJ,2026-01-29T21:05:39Z,The Biodiversity Survey of the Cape,conferencePaper,2025,,,,,0,,False,False,False,no_doi,,,,,,,,,
FFR2ICCU,2026-01-29T20:56:41Z,BioSCape Invasive Alien Plant map for the Cape Floristic Region,dataset,2024,,10.25413/sun.27377211.v3,"BackgroundThis project was supported by the NASA BioSCape Project: “Impacts of Invasive Alien Species on Biodiversity and Ecosystem Functioning”. The training data used to produce this classification are also available. This dataset consists of a raw, unprocessed classification map of key woody invasive alien plant taxa (hereafter “trees”) within the Cape Floristic Region. This classification was generated using Sentinel-2 satellite imagery at a 10 m resolution using a Random Forest machine learning classifier. There has been no post-processing, and therefore it should be used with caution, especially in combination with the uncertainty layer provided.Dataset specificationsData type: Raster (tiff)Resolution: 10 mGeographic Coordinate System: WGS 1984Projected Coordinate System: Albers Equal Area projection (AEA)There is no EPSG for this, however the Well-Known Text (WKT) for this projected coordinate system is as follows:var wktAEA = 'PROJCS[""AEA_RSA_WGS84"",' +'GEOGCS[""GCS_WGS_1984"",' +'DATUM[""D_WGS_1984"",' +'SPHEROID[""WGS_1984"",6378137.0,298.257223563]],' +'PRIMEM[""Greenwich"",0.0],' +'UNIT[""Degree"",0.0174532925199433]],' +'PROJECTION[""Albers""],' +'PARAMETER[""False_Easting"",0.0],' +'PARAMETER[""False_Northing"",0.0],' +'PARAMETER[""Central_Meridian"",25.0],' +'PARAMETER[""Standard_Parallel_1"",-24.0],' +'PARAMETER[""Standard_Parallel_2"",-33.0],' +'PARAMETER[""Latitude_Of_Origin"",0.0],' +'UNIT[""Meter"",1.0]]';BandsThis raster has two bands, the details of which are described in Table 1.ClassesSix classes of woody invasive alien plants were mapped in this classification (Table 2). This classification goes to genus level only and gives only presence/absence information together with information on uncertainty. Some classes were much harder to map than others and hence have higher uncertainty, such as Poplar and Hakea. A class was added for all the other invasive alien taxa which had large coverage though not enough for their own classes: “Other”.",W6945469367,3,ZA,False,True,False,ok,Terrestrial,0.12754100561141968,"{""Estuarine/Coastal"": 0.2972331643104553, ""Freshwater"": 0.2844436466693878, ""Marine"": 0.3291263282299042, ""Terrestrial"": 0.45666733384132385}",Plants,0.18101495504379272,"{""Phytoplankton"": 0.2565053701400757, ""Plants"": 0.4442536234855652, ""Vocal fauna"": 0.26323866844177246}",Machine learning,0.0827794075012207,"{""Field observation"": 0.4033689498901367, ""Machine learning"": 0.4861483573913574, ""Molecular / eDNA"": 0.3299034833908081, ""Perspective & synthesis"": 0.22490784525871277, ""Physics-based modeling"": 0.25419098138809204, ""Remote sensing"": 0.34682369232177734, ""Statistical modeling"": 0.32853519916534424}"
PKK28ZHL,2026-01-29T20:27:19Z,Toward Validating Virtual Models of Complex Shrubland Ecosystems for Next-Generation Airborne LiDAR Studies,preprint,2025,https://essopenarchive.org/doi/full/10.22541/essoar.176538473.31235295,10.22541/essoar.176538473.31235295/v1,"The application of airborne and spaceborne light detection and ranging (LiDAR) for characterizing and monitoring low‑stature ecosystems, such as- rangelands, wetlands (bogs, fens, swamps, marshes), and polar ecosystems (tundra, taiga), presents unique challenges compared to its established use in forested environments. These challenges stem primarily from the short, dense nature of vegetation and the limited ability of LiDAR to discriminate between ground and vegetation returns in low-stature environments. Real world assessment of these limitations is difficult due to the scarcity of repeat surveys with multiple sensor configurations in such ecosystems. Physics-based simulation tools, like Digital Imaging and Remote Sensing Image Generation (DIRSIG), offer a way to overcome such limitations by generating realistic multimodal LiDAR datasets and exploring system performance boundaries. In this study, we developed multiple post-fire virtual scenes representing different levels of maturity, for the highly diverse fynbos shrubland biome present in South Africa’s Cape Floristic Region (CFR). These scenes were constructed using realistic 3D models of individual species, derived from field surveys, that combined spectral and structural measurements. We focus on the structural validation of these virtual scenes by comparing structural metrics derived from simulated high-density LiDAR data on 3D virtual scenes with corresponding metrics obtained from real high density ALS LiDAR data. This validation establishes the reliability of the virtual scenes and lays the groundwork for their use in future studies aimed at informing next-generation LiDAR system specifications for complex low-stature ecosystems.",W4417199677,3,US;US;US,True,False,False,ok,Terrestrial,0.1886948049068451,"{""Estuarine/Coastal"": 0.3214662969112396, ""Freshwater"": 0.32003530859947205, ""Marine"": 0.31885042786598206, ""Terrestrial"": 0.5101611018180847}",Plants,0.05320337414741516,"{""Phytoplankton"": 0.23493538796901703, ""Plants"": 0.349617063999176, ""Vocal fauna"": 0.29641368985176086}",Field observation,0.07632559537887573,"{""Field observation"": 0.5158452391624451, ""Machine learning"": 0.38884973526000977, ""Molecular / eDNA"": 0.24950215220451355, ""Perspective & synthesis"": 0.3425556719303131, ""Physics-based modeling"": 0.3411058485507965, ""Remote sensing"": 0.43951964378356934, ""Statistical modeling"": 0.29506874084472656}"
XPVU69I9,2026-01-29T20:26:38Z,Advancing Mediterranean Biodiversity Monitoring in South Africa Through Machine Learning and Cost‐Effective UAS Imagery,journalArticle,2026,https://agupubs.onlinelibrary.wiley.com/doi/10.1029/2025JG009096,10.1029/2025jg009096,"Abstract
The Greater Cape Floristic Region (GCFR) of South Africa is globally recognized for its exceptional plant diversity and endemism, yet faces mounting threats from habitat loss, altered fire regimes, and invasive species. Fire is a key ecological driver in the Fynbos (shrubland) biome of the GCFR, influencing vegetation structure, composition, and nutrient cycling. Understanding the dynamics of Fynbos sites in terms of the time since last burn is a key aspect of understanding its ecology, as it helps reveal post‐fire succession stages and vegetation recovery patterns. Although satellite remote sensing supports biodiversity monitoring, its relatively coarse resolution limits its utility in capturing fine‐scale vegetation dynamics. To address this, we employed high‐resolution unmanned aerial system (UAS) multispectral imagery to classify vegetation of different post‐fire ages and map species diversity in the Fynbos biome. Our methodology, grounded in the Spectral Variation Hypothesis (SVH), leverages optimal spectral and textural features derived from UAS imagery to distinguish between vegetation of different post‐fire ages and estimate alpha diversity at fine scales within Fynbos. We used sequential feature selection (SFS) to identify key predictors, achieving high classification performance with a support vector machine (SVM) classifier (overall accuracy: 97%; F1 score: 97.47%). We employed a similarity metric, Euclidean distance to map alpha diversity across vegetation of different post‐fire ages within the Fynbos biome, by utilizing optimal features and the Shannon diversity index from ground truth samples. This study highlights the role of advanced remote sensing and ecological research in supporting biodiversity monitoring in regions like the GCFR.

Plain Language Summary
Fires are a natural and essential part of South Africa's Fynbos ecosystem, shaping plant growth and biodiversity over time. Understanding how vegetation recovers after a fire is crucial for conserving this globally significant hotspot. In this study, we used high‐resolution imagery from unmanned aerial systems (UAS) to track vegetation changes across different fire recovery stages. By analyzing subtle color and texture patterns, we were able to classify vegetation of different post‐fire ages and estimate plant diversity. Our findings show that UAS images offer a reliable, efficient way to classify post‐fire vegetation and monitor biodiversity with minimal fieldwork. We observed that plant diversity tends to decline as more time passes after a fire likely due to taller shrubs outcompeting other species. This approach offers a practical, cost‐effective method for monitoring biodiversity and post‐fire recovery in fire‐prone ecosystems such as the Fynbos, supporting more informed and timely conservation decisions.

Key Points
High‐resolution drone imagery distinguishes vegetation of different post‐fire ages with up to 97% overall accuracy.
Spectral and textural features revealed differences among post‐fire vegetation ages aiding fine‐scale recovery patterns.
Alpha diversity from image features and limited field data declined over time since fire likely due to succession and shrub dominance.",W7124420282,6,US;US;US;ZA;US,True,True,True,ok,Terrestrial,0.27478349208831787,"{""Estuarine/Coastal"": 0.24969904124736786, ""Freshwater"": 0.28958821296691895, ""Marine"": 0.2576669156551361, ""Terrestrial"": 0.5643717050552368}",Plants,0.11040225625038147,"{""Phytoplankton"": 0.21685688197612762, ""Plants"": 0.3669140338897705, ""Vocal fauna"": 0.25651177763938904}",Machine learning,0.05219799280166626,"{""Field observation"": 0.4079461693763733, ""Machine learning"": 0.470689594745636, ""Molecular / eDNA"": 0.29537996649742126, ""Perspective & synthesis"": 0.25577035546302795, ""Physics-based modeling"": 0.24808362126350403, ""Remote sensing"": 0.4184916019439697, ""Statistical modeling"": 0.3098079562187195}"
B33MHEL3,2026-01-29T20:24:13Z,"The biodiversity survey of the Cape (BioSCape), integrating remote sensing with biodiversity science",journalArticle,2025,https://www.nature.com/articles/s44185-024-00071-5,10.1038/s44185-024-00071-5,"There are repeated calls for remote sensing observations to produce accessible data products that improve our understanding and conservation of biodiversity. The Biodiversity Survey of the Cape (BioSCape) addresses this need by integrating field, airborne, satellite, and modeling datasets to advance the limits of global remote sensing of biodiversity. Over six weeks, an international team of ~150 scientists collected data across terrestrial, marine, and freshwater ecosystems in South Africa. In situ biodiversity observations of plant and animal communities, estuaries, kelp, and plankton were made using traditional field methods as well as novel approaches like environmental DNA and acoustic surveys. Biodiversity observations were accompanied by an unprecedented combination of airborne imaging spectroscopy and lidar measurements acquired across 45,000 km2. Here, we review how the approaches applied in BioSCape will help us measure and monitor biodiversity at scale and the role of remote sensing in accomplishing this.",W4407107877,11,ZA;US;US;ZA;ZA;ZA;US;ZA;ZA;US;US;US,True,True,True,ok,Mixed,0.016337871551513672,"{""Estuarine/Coastal"": 0.422146737575531, ""Freshwater"": 0.37289029359817505, ""Marine"": 0.42711132764816284, ""Terrestrial"": 0.4434491991996765}",Vocal fauna,0.10963481664657593,"{""Phytoplankton"": 0.3084767758846283, ""Plants"": 0.333426833152771, ""Vocal fauna"": 0.4430616497993469}",Field observation,0.119620680809021,"{""Field observation"": 0.612977147102356, ""Machine learning"": 0.44940847158432007, ""Molecular / eDNA"": 0.44612351059913635, ""Perspective & synthesis"": 0.34808218479156494, ""Physics-based modeling"": 0.27740755677223206, ""Remote sensing"": 0.49335646629333496, ""Statistical modeling"": 0.3636409342288971}"
RCEZPCGI,2026-01-29T20:14:47Z,Monitoring Coastal Estuarine Habitats for Biodiversity Along the Temperate Bioregion of South Africa,journalArticle,2025,https://onlinelibrary.wiley.com/doi/abs/10.1029/2025JG008833,10.1029/2025jg008833,"Coastal wetlands provide critical ecosystem services, including the enhancement of biodiversity, carbon sequestration, and flood protection. Although these ecosystems have been mapped for country-level biodiversity typing, improved extent mapping is necessary to account for estuarine dynamics and improved reporting to the Kunming-Montreal Global Biodiversity Framework (GBF) by 2030. We achieved an overall coastal wetland accuracy of 90.7% (95% confidence interval: 90.2%–91.4%) utilizing a dense time series of very high spatial resolution (3 m) PlanetScope satellite imagery to map coastal wetlands with a combination of Random Forest to develop training data, U-Net convolutional neural networks, and a final decision tree to determine discrete ecosystem extents. Across the 84 mapped estuaries totaling 67,452 ha and 2,135 images, we mapped 9,131.1 ± 1,596.9 ha (13.5% of total estuarine functional zone extent) of salt marsh & reed beds and 1,718.6 ± 234.3 ha (2.5%) of Submerged Aquatic Vegetation (SAV). In addition to our earth observation analysis, we calculated tidal amplitudes and water level trends for 20 water level gauges across the region. We found tidal amplitude was a significant driver of salt marsh extent, explaining 33.6% of the variation (F (1,19) = 9.62, p = 0.005). We demonstrate a repeatable methodology for improved mapping of ecosystem zonation and utilize water level data to explore potential drivers of ecosystem distribution. Our method could be incorporated into a robust earth observation approach for reporting progress toward the goals of the/reporting to the GBF and Sustainable Development Goals (SDGs).",W4415063652,14,US;US;US;US;ZA;ZA;US;US;US;US;US;US;US;US;ZA;ZA;ZA;ZA;ZA;US;ZA;ZA;ZA;ZA;ZA;ZA;US;US;US;US,True,True,True,ok,Mixed,0.010692059993743896,"{""Estuarine/Coastal"": 0.5268882513046265, ""Freshwater"": 0.5161961913108826, ""Marine"": 0.44746455550193787, ""Terrestrial"": 0.43347880244255066}",Mixed,0.03794559836387634,"{""Phytoplankton"": 0.3233664333820343, ""Plants"": 0.36131203174591064, ""Vocal fauna"": 0.316327840089798}",Mixed,0.020926743745803833,"{""Field observation"": 0.4725147783756256, ""Machine learning"": 0.49344152212142944, ""Molecular / eDNA"": 0.3176887631416321, ""Perspective & synthesis"": 0.2533872425556183, ""Physics-based modeling"": 0.14704620838165283, ""Remote sensing"": 0.34381407499313354, ""Statistical modeling"": 0.3767252266407013}"
YPSFY2SZ,2026-01-29T20:14:26Z,Imaging Spectroscopy for Enhancing Regional Coastal Wetland Extent Monitoring,journalArticle,2025,https://onlinelibrary.wiley.com/doi/abs/10.1029/2025JG008771,10.1029/2025jg008771,"Coastal wetland habitats contribute to important ecosystem services, including improved water quality, carbon sequestration, and flood mitigation, but they are difficult to be monitored in situ due to their inaccessibility. This research aims to explore the potential and limitation of monitoring coastal wetland habitats in the Greater Cape Floristic Region (GCFR), South Africa, with the NASA Earth Mineral Dust Source Investigation (EMIT). High-resolution habitat extent derived from PlanetScope imagery was used to train random forest regression algorithms with EMIT data. We estimate the subpixel extent of three wetland habitats (salt marshes, reeds and sedges, and submerged aquatic vegetation (SAV)). We validate model performance using a testing estuary unseen by the model. The best-performing model achieved a root mean square error (RMSE) of 7.8% (281 m2) for salt marsh, 11.4% (410 m2) for reeds and sedges, and 5.6% (202 m2) for SAV. At higher tidal stages, model performance decreased with RMSE of 23.6% for salt marsh and 12.2% for SAV, underscoring the influence of tidal inundation on mapping accuracy of these habitats. These findings illustrate the need to select tidal stages when mapping these habitats, particularly the importance of imagery acquired at low tidal stages during the growing season. This study shows that when medium-resolution imaging spectroscopy is combined with machine learning, we can estimate subpixel habitat extent, addressing the spatial limitations of the EMIT imaging spectrometer. With more data, our approach could provide information on long-term trends and changes in these ecosystems. EMIT-based subpixel monitoring of coastal wetlands is possible and can provide important information on the extent and change of these ecosystems.",W4414772755,3,ZA;US;US;ZA,True,True,True,ok,Mixed,0.049061596393585205,"{""Estuarine/Coastal"": 0.517784595489502, ""Freshwater"": 0.46872299909591675, ""Marine"": 0.3918868601322174, ""Terrestrial"": 0.40704774856567383}",Mixed,0.022519320249557495,"{""Phytoplankton"": 0.2795076072216034, ""Plants"": 0.34130188822746277, ""Vocal fauna"": 0.3187825679779053}",Field observation,0.1268053650856018,"{""Field observation"": 0.547938346862793, ""Machine learning"": 0.32414573431015015, ""Molecular / eDNA"": 0.2749907970428467, ""Perspective & synthesis"": 0.22154118120670319, ""Physics-based modeling"": 0.32683759927749634, ""Remote sensing"": 0.42113298177719116, ""Statistical modeling"": 0.34942132234573364}"
BTRVEGJP,2026-01-24T19:43:41Z,"Cloud-based big data analytics for monitoring invasive plants in groundwater-dependent ecosystems of Nuwejaars catchment, South Africa",journalArticle,2026,https://www.sciencedirect.com/science/article/pii/S1569843225007009,10.1016/j.jag.2025.105053,"Groundwater-dependent ecosystems (GDEs) provide crucial ecological and hydrological stability but are increasingly threatened by groundwater-dependent invasive plants (GDIPs), particularly in regions with limited water resources. Although GDEs have been widely studied, long-term quantitative assessments of how invasive plants alter these ecosystems remain limited. Hence, this study evaluated the impacts of invasive plants within the GDEs of the Nuwejaars Catchment, South Africa, by monitoring their spatial and temporal dynamics and quantifying the extent to which they displace native plants. Landsat-8 imagery, a Random Forest classifier, and Explainable Artificial Intelligence (XAI) techniques were integrated to map and quantify the annual distribution of GDIPs over a 12-year period. XAI interpretability techniques including SHapley Additive exPlanations (SHAP), partial dependence plots (PDPs), and recursive feature elimination (RFECV) were applied to identify key environmental conditions influencing GDIP occurrence. Spatial-temporal analysis revealed that GDIPs expanded from 40.9 % (1060 ha) in 2013 to 63.9 % (1660 ha) in 2024, displacing large areas of native fynbos vegetation. Inter-annual change analysis showed accelerated GDIP growth following the extreme 2015–2018 drought, which reduced groundwater availability for native species with shallow roots. Elevation, slope, and moisture vegetation indices emerged as the most influential predictors for classification, with PDPs revealing that GDIPs favoured lower elevations and steep slopes. Classification accuracy improved over time, with F1-Scores and overall accuracies ranging between 68.4 % to 82.5 % from 2013 to 2024. Overall, these findings highlight the persistent spread of GDIPs and their potential to transform GDEs in semi-arid areas. This study demonstrates the value of integrating remote sensing and interpretable machine learning to support ecological monitoring and targeted invasive species management.",W7118877122,4,ZA;ZA;ZA;ZA,False,True,False,ok,Freshwater,0.05803757905960083,"{""Estuarine/Coastal"": 0.2967332899570465, ""Freshwater"": 0.46646496653556824, ""Marine"": 0.25338396430015564, ""Terrestrial"": 0.4084273874759674}",Plants,0.13940638303756714,"{""Phytoplankton"": 0.24310976266860962, ""Plants"": 0.38251614570617676, ""Vocal fauna"": 0.2337552011013031}",Mixed,0.00883069634437561,"{""Field observation"": 0.4151016175746918, ""Machine learning"": 0.4239323139190674, ""Molecular / eDNA"": 0.28990691900253296, ""Perspective & synthesis"": 0.2386757731437683, ""Physics-based modeling"": 0.21426911652088165, ""Remote sensing"": 0.34689345955848694, ""Statistical modeling"": 0.37859299778938293}"
TN2VGD7Z,2025-11-28T21:48:15Z,Intrinsic dimensionality as a metric for temporal plant diversity evaluation: Case study from the SHIFT campaign,journalArticle,2025,https://esajournals.onlinelibrary.wiley.com/doi/10.1002/ecs2.70213,10.1002/ecs2.70213,"Current biodiversity metrics derived from remote sensing data are typically applied to small local areas, require significant training data, and are not easily extensible globally. Here we propose the mathematical concept of intrinsic dimensionality (ID) as a method to quantify terrestrial vegetation variability without a need for in situ training data. We apply this technique to airborne imaging spectroscopy data from the Surface Biology and Geology High Frequency Time series (SHIFT) airborne campaign, with weekly overflights from February to May 2022 over a region in California stretching from Figueroa Mountain in the Los Padres National Forest to Point Conception and adjacent coastal areas. ID is considered in both spatial and temporal context—spatial ID represents spectral variability across a geographical region at a single time step, and temporal ID represents spectral variability over time for a single geographical location. Results show an encouraging and significant correlation between spatially calculated ID and in situ vegetation species richness data despite different spatial scales between the two (p = 0.01). Spatial ID remained largely unchanged at each time step over the course of three months during the spring green-up period when vegetation characteristics and spectral responses were changing rapidly (number of species remains unchanged even though spectra reflect phenological change over time). The temporal ID remained constant for pseudo-invariant surfaces such as parking lots, roofs, and rock, but showed increased ID with time for trees, shrubs, and grasses. This robustness of spatial ID to seasonal change is desirable in any measure of species richness because it is insulated from changes in vegetation condition that are unrelated to plant species richness. Even though the spatial ID is consistent across acquisition dates, when considering the full time series (temporal ID), we find that subweekly sampling may be necessary to spectrally capture the full phenological cycle of certain vegetation types.",W4409404364,16,US;US;US;US;US;US;US;US;US;US;US;US;US;US;US;ZA;ZA;ZA;ZA;ZA;ZA;US;US;AU,True,True,True,ok,Mixed,0.01637476682662964,"{""Estuarine/Coastal"": 0.287248820066452, ""Freshwater"": 0.27989429235458374, ""Marine"": 0.3061549663543701, ""Terrestrial"": 0.2897801995277405}",Mixed,0.03763604164123535,"{""Phytoplankton"": 0.23013977706432343, ""Plants"": 0.34904029965400696, ""Vocal fauna"": 0.3114042580127716}",Field observation,0.09752440452575684,"{""Field observation"": 0.49146246910095215, ""Machine learning"": 0.3939380645751953, ""Molecular / eDNA"": 0.2770705223083496, ""Perspective & synthesis"": 0.17461572587490082, ""Physics-based modeling"": 0.29499682784080505, ""Remote sensing"": 0.36893749237060547, ""Statistical modeling"": 0.37381651997566223}"
KDPXTA6R,2025-11-28T08:43:13Z,BioSCape-io/BioSCape-IntrinsicDimensionality: v1.0-shift,dataset,2025,https://ui.adsabs.harvard.edu/abs/2025zndo..14847832C,10.5281/zenodo.14847832,"This contains code used in the Cawse-Nicholson et al. manuscript published in Ecosphere in 2025 (""Intrinsic dimensionality as a metric for temporal plant diversity evaluation: Case study from the SHIFT campaign"")",W6968047676,1,US,True,False,False,ok,Mixed,0.01363462209701538,"{""Estuarine/Coastal"": 0.23105429112911224, ""Freshwater"": 0.288425475358963, ""Marine"": 0.27479085326194763, ""Terrestrial"": 0.24605922400951385}",Plants,0.06771212816238403,"{""Phytoplankton"": 0.3018210232257843, ""Plants"": 0.36953315138816833, ""Vocal fauna"": 0.29075294733047485}",Statistical modeling,0.09897595643997192,"{""Field observation"": 0.3062882125377655, ""Machine learning"": 0.3066174387931824, ""Molecular / eDNA"": 0.32331180572509766, ""Perspective & synthesis"": 0.14073242247104645, ""Physics-based modeling"": 0.1768162101507187, ""Remote sensing"": 0.20914219319820404, ""Statistical modeling"": 0.4222877621650696}"
8GBUSDPU,2025-11-26T20:42:44Z,Forecasting vegetation dynamics in an open ecosystem by integrating deep learning and environmental variables,journalArticle,2022,https://www.sciencedirect.com/science/article/pii/S1569843222002485,10.1016/j.jag.2022.103060,,W4307126717,7,US;US;ZA;ZA;ZA;ZA;US;US;US,True,True,True,ok,,,,,,,,,
MP88FRTW,2025-11-26T20:42:40Z,Generative spatial generalized dissimilarity mixed modelling spGDMM: An enhanced approach to modelling beta diversity,journalArticle,2023,https://besjournals.onlinelibrary.wiley.com/doi/10.1111/2041-210X.14259,10.1111/2041-210x.14259,"Abstract 
                  Turnover, or change in the composition of species over space and time, is one of the primary ways to define beta diversity. Inferring what factors impact beta diversity is not only important for understanding biodiversity processes but also for conservation planning. At present, a popular approach to understanding the drivers of compositional turnover is through generalized dissimilarity modelling (GDM). We argue that the current GDM approach suffers several limitations and provide an alternative modelling approach that remedies these issues. 
                  We propose using generative spatial random effects models implemented in a Bayesian framework. We offer hierarchical specifications to yield full regression and spatial predictive inference, both with associated full uncertainties. The approach is illustrated by examining dissimilarity in three datasets: tree survey data from Panama's Barro Colorado Island (BCI), plant occurrence data from southwest Australia and plant abundance surveys from the Greater Cape Floristic Region (GCFR) of South Africa. We select a best model using out‐of‐sample predictive performance. 
                  We find that the form of the best model differs across the three datasets, but our models provide performance ranging from comparable to significant improvement over GDMs. Within the GCFR, the spatial random effects play a more important role in the modelling than all the environmental variables.
                    We have proposed a model that provides several improvements to the current GDM framework. This includes advantages such as a flexible spatially varying mean function, spatial random effects that capture dependence unaccounted for by explanatory variables, and spatially heterogeneous variance structure. All these features are offered in a model that can adequately handle a large incidence of total dissimilarity through ‘one‐inflation’, as would be expected from highly biodiverse areas with steep turnover gradients.",W4389504068,5,US;US;US;ZA;ZA;US;US,True,True,True,ok,Mixed,0.0036709606647491455,"{""Estuarine/Coastal"": 0.3074466586112976, ""Freshwater"": 0.23473034799098969, ""Marine"": 0.19779355823993683, ""Terrestrial"": 0.31111761927604675}",Mixed,0.02181088924407959,"{""Phytoplankton"": 0.1663619577884674, ""Plants"": 0.21404112875461578, ""Vocal fauna"": 0.23585201799869537}",Statistical modeling,0.37187644839286804,"{""Field observation"": 0.22712086141109467, ""Machine learning"": 0.2769921123981476, ""Molecular / eDNA"": 0.16242823004722595, ""Perspective & synthesis"": 0.13357535004615784, ""Physics-based modeling"": 0.14809587597846985, ""Remote sensing"": 0.08355994522571564, ""Statistical modeling"": 0.6488685607910156}"
P98BPJJB,2025-11-26T20:42:36Z,"Good modelling practice in ecology, the hierarchical Bayesian perspective",journalArticle,2024,https://www.sciencedirect.com/science/article/pii/S0304380024002357,10.1016/j.ecolmodel.2024.110847,"Ecological modelling often involves addressing challenges such as dependence in responses, e.g., spatial and/or temporal correlation, heterogeneity of variance, and hierarchical structures inherent in ecological processes and data. A constant challenge is the inadequacy of the data to well address the questions of interest. What is observable may not be sufficiently informative. What has been observed may not have been well designed. Carefully conceived modelling can take us to improved inference compared with adopting standard inference tools like basic regression and analysis of variance. Hierarchical modelling techniques provide a powerful framework for capturing these complexities by explicitly modelling the multi-level structure of ecological systems. In this paper we focus on good modelling practice in the hierarchical Bayesian framework. We discuss good modelling practice in the form of 10 steps, elaborated with a running example, to aid quantitative ecologists interested in employing Bayesian modelling. Two of the authors are statisticians who view themselves primarily as stochastic modellers. The other two are quantitative ecologists who view such stochastic tools as essential for advancing ecological knowledge. Hence, implicitly, we pay careful attention to good modelling practice. Further, we argue the benefits that accrue to working in a Bayesian framework as the paper is developed. It is worth noting that the steps we propose, though presented in the context of ecological modelling, are appropriate for effective model building across most fields of application.",W4401742712,4,US;US;US;US;US;US,True,False,False,ok,Estuarine/Coastal,0.08011245727539062,"{""Estuarine/Coastal"": 0.3963572084903717, ""Freshwater"": 0.3162447512149811, ""Marine"": 0.27754008769989014, ""Terrestrial"": 0.2011806070804596}",Mixed,0.01694503426551819,"{""Phytoplankton"": 0.2482629120349884, ""Plants"": 0.1721302568912506, ""Vocal fauna"": 0.2652079463005066}",Statistical modeling,0.39195120334625244,"{""Field observation"": 0.27498549222946167, ""Machine learning"": 0.1775042563676834, ""Molecular / eDNA"": 0.19700388610363007, ""Perspective & synthesis"": 0.1586492359638214, ""Physics-based modeling"": 0.14358215034008026, ""Remote sensing"": 0.053169649094343185, ""Statistical modeling"": 0.6669366955757141}"
ABGPNAR6,2025-11-26T20:41:09Z,Integrating remote sensing with ecology and evolution to advance biodiversity conservation,journalArticle,2022,https://www.nature.com/articles/s41559-022-01702-5,10.1038/s41559-022-01702-5,"Remote sensing has transformed the monitoring of life on Earth by revealing spatial and temporal dimensions of biological diversity through structural, compositional and functional measurements of ecosystems. Yet, many aspects of Earth's biodiversity are not directly quantified by reflected or emitted photons. Inclusive integration of remote sensing with field-based ecology and evolution is needed to fully understand and preserve Earth's biodiversity. In this Perspective, we argue that multiple data types are necessary for almost all draft targets set by the Convention on Biological Diversity. We examine five key topics in biodiversity science that can be advanced by integrating remote sensing with in situ data collection from field sampling, experiments and laboratory studies to benefit conservation. Lowering the barriers for bringing these approaches together will require global-scale collaboration.",W4220901123,13,US;US;CH;US;US;US;US;US;US;US;US;US;US;CN;CN;US,True,False,False,ok,Mixed,0.00659555196762085,"{""Estuarine/Coastal"": 0.31716516613960266, ""Freshwater"": 0.35010746121406555, ""Marine"": 0.3435119092464447, ""Terrestrial"": 0.32466942071914673}",Mixed,0.016937822103500366,"{""Phytoplankton"": 0.2851559817790985, ""Plants"": 0.34063971042633057, ""Vocal fauna"": 0.35757753252983093}",Field observation,0.11095580458641052,"{""Field observation"": 0.5227113962173462, ""Machine learning"": 0.41175559163093567, ""Molecular / eDNA"": 0.34911876916885376, ""Perspective & synthesis"": 0.274627149105072, ""Physics-based modeling"": 0.35838550329208374, ""Remote sensing"": 0.334868460893631, ""Statistical modeling"": 0.3884243369102478}"
5KXPPZA2,2025-11-15T20:53:40Z,Exploring the Limits of Species Identification via a Convolutional Neural Network in a Complex Forest Scene through Simulated Imaging Spectroscopy,journalArticle,2024,https://www.mdpi.com/2072-4292/16/3/498,10.3390/rs16030498,"Imaging spectroscopy (hyperspectral sensing) is a proven tool for mapping and monitoring the spatial distribution of vegetation species composition. However, there exists a gap when it comes to the availability of high-resolution spatial and spectral imagery for accurate tree species mapping, particularly in complex forest environments, despite the continuous advancements in operational remote sensing and field sensor technologies. Here, we aim to bridge this gap by enhancing our fundamental understanding of imaging spectrometers via complex simulated environments. We used DIRSIG, a physics-based, first-principles simulation approach to model canopy-level reflectance for 3D plant models and species-level leaf reflectance in a synthetic forest scene. We simulated a realistic scene, based on the same species composition, found at Harvard Forest, MA (USA). Our simulation approach allowed us to better understand the interplay between instrument parameters and landscape characteristics, and facilitated comprehensive traceability of error budgets. To enhance our understanding of the impact of sensor design on classification performance, we simulated image samples at different spatial, spectral, and scale resolutions (by modifying the pixel pitch and the total number of pixels in the sensor array, i.e., the focal plane dimension) of the imaging sensor and assessed the performance of a deep learning-based convolutional neural network (CNN) and a traditional machine learning classifier, support vector machines (SVMs), to classify vegetation species. Overall, across all resolutions and species mixtures, the highest classification accuracy varied widely from 50 to 84%, and the number of genus-level species classes identified ranged from 2 to 17, among 24 classes. Harnessing this simulation approach has provided us valuable insights into sensor configurations and the optimization of data collection methodologies to improve the interpretation of spectral signatures for accurate tree species mapping in forest scenes. Note that we used species classification as a proxy for a host of imaging spectroscopy applications. However, this approach can be extended to other ecological scenarios, such as in evaluating the changing ecosystem composition, detecting invasive species, or observing the effects of climate change on ecosystem diversity.",W4391309293,2,US;US,True,False,False,ok,Mixed,0.005028724670410156,"{""Estuarine/Coastal"": 0.1844162940979004, ""Freshwater"": 0.2649921774864197, ""Marine"": 0.16091397404670715, ""Terrestrial"": 0.27002090215682983}",Mixed,0.04447287321090698,"{""Phytoplankton"": 0.14003044366836548, ""Plants"": 0.3190402090549469, ""Vocal fauna"": 0.2745673358440399}",Mixed,0.01846960186958313,"{""Field observation"": 0.50981605052948, ""Machine learning"": 0.49134644865989685, ""Molecular / eDNA"": 0.22494302690029144, ""Perspective & synthesis"": 0.23181571066379547, ""Physics-based modeling"": 0.47427257895469666, ""Remote sensing"": 0.41401758790016174, ""Statistical modeling"": 0.25922122597694397}"
WE27NUH4,2025-11-12T21:30:15Z,South Africa Ecological Conservation: Identifying and Mapping Riparian Areas in South Africa with Earth Observations,report,2024,https://ntrs.nasa.gov/api/citations/20240011086/downloads/2024Sum_JPL_SouthAfricaEco_TechPaper_FD-Final.pdf,,"Riparian zones are thin strips of wetland that occur along the edges of rivers, lakes, and other water bodies. They provide many ecosystem and societal benefits such as stream bank stabilization, flood control, and habitat stability, making these zones very important areas to preserve and protect. Recognizing the need to accurately map these ecosystems in a cost-effective way, we partnered with the South African National Biodiversity Institute (SANBI) and the Biodiversity Survey of the Cape (BioSCape) to develop a GIS methodology using Esri's ArcGIS Pro and data from Landsat 9 Operational Land Imager-2, Sentinel-2 Multispectral Instrument, and the Shuttle Radar Topography Mission to identify potential riparian zones (PRZ) and observed riparian vegetation (ORV) in the Southern Cape and the North West Province of South Africa to estimate the actual riparian vegetation (ARV) within those areas. Potential riparian ecosystems were calculated by utilizing a Topographic Wetness Index (TWI) and a water feature layer, while observed riparian vegetation were calculated by overlaying a Normalized Difference Vegetation Index (NDVI) and TWI. Actual Riparian Vegetation is determined by the overlap of ORV with PRZ and is done with conditional statements; ORV within PRZ is ARV. This method significantly improved a current riparian land cover classification since it combined high resolution optical imagery and topographic data. We anticipate such maps will be used by conservationists and practitioners interested in riparian monitoring and management.",,0,,False,False,False,no_doi,Mixed,0.024423301219940186,"{""Estuarine/Coastal"": 0.36405569314956665, ""Freshwater"": 0.5316587090492249, ""Marine"": 0.2713991105556488, ""Terrestrial"": 0.5072354078292847}",Mixed,0.004444390535354614,"{""Phytoplankton"": 0.21197713911533356, ""Plants"": 0.2822950482368469, ""Vocal fauna"": 0.2778506577014923}",Field observation,0.124237060546875,"{""Field observation"": 0.47497931122779846, ""Machine learning"": 0.34098348021507263, ""Molecular / eDNA"": 0.35074225068092346, ""Perspective & synthesis"": 0.2138398140668869, ""Physics-based modeling"": 0.12250295281410217, ""Remote sensing"": 0.3437287509441376, ""Statistical modeling"": 0.22866088151931763}"
GQUPBHCS,2025-11-12T21:10:30Z,Biodiversity and Ecosystem Health,report,2024,https://www.capenature.co.za/uploads/files/SoEOR-2024-Biodiversity-and-Ecosystem-Health.pdf,,,,0,,False,False,False,no_doi,,,,,,,,,
34SAILUQ,2025-11-12T21:06:12Z,michele-personal/ESA-2024_public,computerProgram,2024,https://github.com/michele-personal/ESA-2024_public,,ESA 2024 Public Repo for Special Session 08,,0,,False,False,False,no_doi,Mixed,0.010763995349407196,"{""Estuarine/Coastal"": 0.12326224893331528, ""Freshwater"": 0.06561066955327988, ""Marine"": 0.09562007337808609, ""Terrestrial"": 0.11249825358390808}",Mixed,0.034529298543930054,"{""Phytoplankton"": 0.047938279807567596, ""Plants"": 0.08246757835149765, ""Vocal fauna"": 0.041885070502758026}",Perspective & synthesis,0.1322990208864212,"{""Field observation"": 0.14347508549690247, ""Machine learning"": 0.04678564518690109, ""Molecular / eDNA"": 0.17103751003742218, ""Perspective & synthesis"": 0.3033365309238434, ""Physics-based modeling"": 0.0889468640089035, ""Remote sensing"": 0.10657188296318054, ""Statistical modeling"": 0.06403378397226334}"
KIRMBKHQ,2025-11-12T21:03:08Z,Potential Impacts of the Adjacency Effect on At-Surface Solar Irradiance: A  Radiative Transfer-Based Sensitivity Study,thesis,2025,,,,,0,,False,False,False,no_doi,,,,,,,,,
2DD54T62,2025-11-08T01:16:28Z,Scaling-up ecological understanding with remote sensing and causal inference,journalArticle,2024,https://linkinghub.elsevier.com/retrieve/pii/S0169534724002416,10.1016/j.tree.2024.09.006,,W4404097713,6,NL;US;US;ZA;US;US,True,True,True,ok,,,,,,,,,
4KUB3QYT,2025-11-08T01:15:07Z,BioSoundSCape: A bioacoustic dataset for the Fynbos Biome,journalArticle,2025,https://www.nature.com/articles/s41597-025-05685-3,10.1038/s41597-025-05685-3,"Most biodiversity data are collected at fine spatial scales, but threats to species and ecosystems occur at broad spatial scales. Remote sensing allows broad-scale assessment of biodiversity but these data need to be ground-truthed with contemporaneous in situ datasets. Various faunal groups produce sounds or vocalizations which can then be related to remotely-sensed data. As part of the NASA-led BioSCape project, the BioSoundSCape project deployed Autonomous Recording Units (ARUs), which record sounds in an approximately 50 m radius, at 521 sites spread across an area of approximately 119,058 km2 in the Greater Cape Floristic Region, South Africa, during the wet and dry seasons of 2023. The ARUs recorded sounds one in every ten minutes, over 4–10 days, producing 825,832 minutes of recordings (approximately 400,000 minutes of recording in each season). These sound data are georeferenced to within 20 m, with time and date information, so may be useful for relating biodiversity patterns in soundscapes to vegetation structure, fire history, plant phenology, distance to roads and other human infrastructure.",W4413257840,24,ZA;ZA;US;US;ZA;ZA;US;ZA;ZA;US;US;US;DK;ZA;ZA;US;US;US;NL;ZA;ZA;ZA,True,True,True,ok,Terrestrial,0.2446846067905426,"{""Estuarine/Coastal"": 0.32059335708618164, ""Freshwater"": 0.32447728514671326, ""Marine"": 0.3398231565952301, ""Terrestrial"": 0.5845077633857727}",Vocal fauna,0.35625332593917847,"{""Phytoplankton"": 0.266812801361084, ""Plants"": 0.3390791416168213, ""Vocal fauna"": 0.6953324675559998}",Field observation,0.16057759523391724,"{""Field observation"": 0.6120843887329102, ""Machine learning"": 0.4134659767150879, ""Molecular / eDNA"": 0.4515067934989929, ""Perspective & synthesis"": 0.2720811367034912, ""Physics-based modeling"": 0.26455622911453247, ""Remote sensing"": 0.3819904625415802, ""Statistical modeling"": 0.38458019495010376}"
BE727DXZ,2025-11-08T01:09:28Z,Regional ecological forecasting across scales: A manifesto for a biodiversity hotspot,journalArticle,2023,https://besjournals.onlinelibrary.wiley.com/doi/10.1111/2041-210X.14046,10.1111/2041-210x.14046,"Abstract
            
              
                
                  Iterative near‐term ecological forecasting has great promise to provide vital information to decision‐makers while improving our ecological understanding, yet several logistical and fundamental challenges remain. The ecoinformatics requirements are onerous to develop and maintain, posing a barrier to entry for regions where funding and expertise are limited, and there are fundamental challenges to developing forecasts that fulfil information needs spanning spatial, temporal and biological scales.
                
                
                  Using the hyperdiverse Cape Floristic Region of South Africa as a case study, we propose that developing regionally focussed sets of ecological forecasts will help resolve logistical challenges faced by under‐resourced regions of the world, while comparison or coupling of models across scales will facilitate new fundamental insights. We review information needs and existing models for the region and explore how they could be developed into a set of linked iterative near‐term forecasts.
                
                
                  Comparing or coupling ecological forecasts from different scales within the same domain has much potential to provide new insights for decision‐makers and ecologists alike. They allow us to quantitatively link processes in space and time, potentially revealing feedbacks, interconnections and emergent properties, while providing powerful tools for testing decision scenarios and identifying trade‐offs or unanticipated outcomes. While the development of multiple or combined ecological forecasts that span scales is not trivial, there are logistical gains to be made from developing shared ecoinformatics pipelines that feed multiple models. Even where useful forecasts do not yet exist, the pipelines can be of great value in their own right, delivering frequent and up‐to‐date information to decision‐makers while providing the basis for forecast development and other scientific research.
                
                
                  Viewed together, regionally focussed approaches to ecological forecasting present a compelling opportunity to overcome logistical constraints and to integrate across multiple scales of organisation, ultimately improving our understanding and management of ecosystems.
                
              
            
          , 
            Isishwankathelo
            
              
                
                  Uqikelelo oluphindaphindayo lwexesha elikufuphi ngendalo lunesithembiso esikhulu sokubonelela ngolwazi olubalulekileyo kubathathi‐zigqibo ngelixa liphucula ukuqonda kwethu indalo esingqongileyo, ukanti imingeni emininzi yolungiselelo kunye nesisiseko isekho. Inzululwazi ye‐ecoinformatics ineemfuneko ezinzima ukuphuhlisa nokugcina, ezi mfuneko zibeka umqobo ekungeneni kwimimandla apho inkxaso‐mali kunye nobuchule bunqongopheleyo, kwaye kukho imingeni engundoqo ekuphuhliseni uqikelelo oluzalisekisa iimfuno zolwazi oluquka izikali zendawo, ezexesha kunye nezendalo.
                
                
                  Sisebenzisa Ummandla waseKapa eMzantsi Afrika kwihlabathi liphela unentlobo ngeentlobo ezininzi zezinto eziphilayo njengomzekelo wophononongo, sicebisa ukuba ukuphuhlisa iiseti zengqikelelo zendalo ezigxile kwingingqi kuya kunceda ukusombulula imiceli mngeni yolungiselelo olujongene nemimandla yelizwe engenazibonelelo, ngelixa uthelekiso okanye ukudityaniswa kwemifuziselo kwizikali ezahlukeneyo iya kuququzelisa ukuqonda okutsha okungundoqo. Sihlola iimfuno zolwazi kunye nemifuziselo ekhoyo kule ngingqi yaseKapa kwaye siphonononga ukuba zingaphuhliswa njani zibe luqikelelo oludityanisiweyo lwexesha elikufuphi.
                
                
                  Ukuthelekisa okanye ukudibanisa iingqikelelo zendalo esingqongileyo ezivela kwizikali ezahlukeneyo ngaphakathi kwendawo enye kunesakhono esikhulu sokunika ulwazi olutsha kubathathi‐zigqibo kunye nee‐ngcali zendalo esingqongileyo ngokufanayo. Zisivumela ukuba sidibanise ngokwezibalo iinkqubo kwisithuba kunye nexesha, ezinokutyhila iimpendulo, ukudibanisa, kunye nezinto ezintsha ezivelayo, ngelixa zisinika izixhobo ezinamandla zokuvavanya iimeko yezigqibo kunye nokuchonga kokubuyisana okanye iziphumo ebezingalindelekanga. Ngelixa uphuhliso loqikelelo lwendalo oluphindaphindeneyo okanye oludityanisiweyo lwezikali ezininzi lungabalulekanga kangako, kukho iinzuzo zolungiselelo ekufuneka zenziwe ngokuphuhlisa imifuziselo kwiNzululwazi ye‐ecoinformatics ekwabelwanayo ngayo eyongeza kwi imifuziselo emininzi. Kwanalapho uqikelelo oluluncedo lungekabikho, olu lwazi lunokuba nexabiso elikhulu ngokwalo, ngokuzisa rhoqo ulwazi oluhlaziyiweyo kubenzi bezigqibo ngelixa libonelela ngesiseko sophuhliso lwengqikelelo kunye nolunye uphando lwezenzululwazi.
                
                
                  Xa zijongwa kunye, iindlela ezijolise kwingingqi kuqikelelo lwendalo zinika ithuba elinomtsalane lokoyisa imiqobo yolungiselelo kunye nokudibanisa zonke izikali zezinto eziphilayo, ekugqibeleni siphucula ukuqonda kwethu kunye nolawulo lwendalo esingqongileyo.",W4313525431,4,ZA;ZA;US;US;ZA;ZA,True,True,True,ok,Terrestrial,0.11126217246055603,"{""Estuarine/Coastal"": 0.341146320104599, ""Freshwater"": 0.36575427651405334, ""Marine"": 0.3093392848968506, ""Terrestrial"": 0.4770164489746094}",Plants,1.0,"{""Plants"": 1.0}",Statistical modeling,0.16060712933540344,"{""Field observation"": 0.34188130497932434, ""Machine learning"": 0.3547772467136383, ""Molecular / eDNA"": 0.35845860838890076, ""Perspective & synthesis"": 0.29737815260887146, ""Physics-based modeling"": 0.1465083509683609, ""Remote sensing"": 0.2599394619464874, ""Statistical modeling"": 0.5190657377243042}"
PPKBMMP2,2025-11-08T00:13:50Z,"Synergies Between NASA's Hyperspectral Aquatic Missions PACE, GLIMR, and SBG: Opportunities for New Science and Applications",journalArticle,2023,https://onlinelibrary.wiley.com/doi/abs/10.1029/2023JG007574,10.1029/2023jg007574,"Within the next decade, NASA plans to launch three new missions with imaging spectrometers for aquatic science and applications: Plankton, Aerosol, Cloud, ocean Ecosystem (PACE) in 2024, Geostationary Littoral Imaging Radiometer (GLIMR) in 2026, and Surface Biology and Geology (SBG) in 2028. Taken together, these missions will evaluate long-term trends in phytoplankton biomass linked to climate change, and provide new spectral capabilities to assess aquatic biogeochemistry, biophysics, and habitats. Hyperspectral measurements of ocean color, paired with advanced retrieval algorithms, can provide new information on phytoplankton community composition and water quality. We compare the mission architecture and sensor characteristics to identify the synergistic opportunities to merge algorithms, field data, and calibration and validation techniques. Each mission has unique temporal and spatial characteristics to monitor the aquatic transitions from watershed to open ocean ecosystems. SBG provides observations at high spatial scales to monitor emergent, floating, submerged, and benthic habitats from inland to coastal waters. With global daily coverage, PACE can track the fate of material as it meanders offshore and provides an enhanced context for phytoplankton diversity and global biogeochemical cycling. GLIMR is optimized to resolve temporal processes that give rise to aquatic rates and fluxes including phytoplankton growth rates, physiology, and episodic events such as storms. Applications with high spectral, spatial, and temporal resolution from these NASA missions include assessing carbon dynamics and biogeochemical cycling across the land-ocean continuum, harmful algal blooms, and oil spills.",W4386480118,13,US;US;US;US;US;US;US;US;US;US;US;US;US;US;US;US,True,False,False,ok,Marine,0.10080662369728088,"{""Estuarine/Coastal"": 0.4126988649368286, ""Freshwater"": 0.4158935248851776, ""Marine"": 0.5167001485824585, ""Terrestrial"": 0.21505635976791382}",Phytoplankton,0.2163313627243042,"{""Phytoplankton"": 0.511164128780365, ""Plants"": 0.2948327660560608, ""Vocal fauna"": 0.23157711327075958}",Field observation,0.10782298445701599,"{""Field observation"": 0.514274001121521, ""Machine learning"": 0.3108980059623718, ""Molecular / eDNA"": 0.333539754152298, ""Perspective & synthesis"": 0.2610141336917877, ""Physics-based modeling"": 0.406451016664505, ""Remote sensing"": 0.37957990169525146, ""Statistical modeling"": 0.2670826017856598}"
S85MIDBQ,2025-11-08T00:10:34Z,Clarifying the effect of biodiversity on productivity in natural ecosystems with longitudinal data and methods for causal inference,journalArticle,2023,https://www.nature.com/articles/s41467-023-37194-5,10.1038/s41467-023-37194-5,"Causal effects of biodiversity on ecosystem functions can be estimated using experimental or observational designs — designs that pose a tradeoff between drawing credible causal inferences from correlations and drawing generalizable inferences. Here, we develop a design that reduces this tradeoff and revisits the question of how plant species diversity affects productivity. Our design leverages longitudinal data from 43 grasslands in 11 countries and approaches borrowed from fields outside of ecology to draw causal inferences from observational data. Contrary to many prior studies, we estimate that increases in plot-level species richness caused productivity to decline: a 10% increase in richness decreased productivity by 2.4%, 95% CI [−4.1, −0.74]. This contradiction stems from two sources. First, prior observational studies incompletely control for confounding factors. Second, most experiments plant fewer rare and non-native species than exist in nature. Although increases in native, dominant species increased productivity, increases in rare and non-native species decreased productivity, making the average effect negative in our study. By reducing the tradeoff between experimental and observational designs, our study demonstrates how observational studies can complement prior ecological experiments and inform future ones.",W4372294498,31,US;US;US;US;US;US;US;AT;NL;GB;FR;FR;FR;FR;FR;FR;US;US;US;AU;US;CA;CA;US;CA;JP;US;US;US;US;US;US;CN;US;AU;AU;US;AU;US;GB;FR;FR,True,False,False,ok,Terrestrial,0.0749644786119461,"{""Estuarine/Coastal"": 0.1489814668893814, ""Freshwater"": 0.20017288625240326, ""Marine"": 0.16192758083343506, ""Terrestrial"": 0.27513736486434937}",Mixed,0.04900771379470825,"{""Phytoplankton"": 0.14875364303588867, ""Plants"": 0.26127541065216064, ""Vocal fauna"": 0.3102831244468689}",Statistical modeling,0.2887101471424103,"{""Field observation"": 0.24814429879188538, ""Machine learning"": 0.1449381709098816, ""Molecular / eDNA"": 0.18879182636737823, ""Perspective & synthesis"": 0.15836817026138306, ""Physics-based modeling"": 0.06573782116174698, ""Remote sensing"": 0.016031967476010323, ""Statistical modeling"": 0.5368544459342957}"
R5Z6SWHK,2025-11-07T23:59:40Z,Causal Inference With Observational Data and Unobserved Confounding Variables,journalArticle,2025,https://onlinelibrary.wiley.com/doi/abs/10.1111/ele.70023,10.1111/ele.70023,"Experiments have long been the gold standard for causal inference in Ecology. As Ecology tackles progressively larger problems, however, we are moving beyond the scales at which randomised controlled experiments are feasible. To answer causal questions at scale, we need to also use observational data —something Ecologists tend to view with great scepticism. The major challenge using observational data for causal inference is confounding variables: variables affecting both a causal variable and response of interest. Unmeasured confounders—known or unknown—lead to statistical bias, creating spurious correlations and masking true causal relationships. To combat this omitted variable bias, other disciplines have developed rigorous approaches for causal inference from observational data that flexibly control for broad suites of confounding variables. We show how ecologists can harness some of these methods—causal diagrams to identify confounders coupled with nested sampling and statistical designs—to reduce risks of omitted variable bias. Using an example of estimating warming effects on snails, we show how current methods in Ecology (e.g., mixed models) produce incorrect inferences due to omitted variable bias and how alternative methods can eliminate it, improving causal inferences with weaker assumptions. Our goal is to expand tools for causal inference using observational and imperfect experimental data in Ecology.",W4406665104,2,US;US,True,False,False,ok,Mixed,0.011790022253990173,"{""Estuarine/Coastal"": 0.2269795686006546, ""Freshwater"": 0.23876959085464478, ""Marine"": 0.21075354516506195, ""Terrestrial"": 0.17886042594909668}",Vocal fauna,0.11775106191635132,"{""Phytoplankton"": 0.15411661565303802, ""Plants"": 0.169207364320755, ""Vocal fauna"": 0.2869584262371063}",Statistical modeling,0.3316165804862976,"{""Field observation"": 0.23501189053058624, ""Machine learning"": 0.1932138055562973, ""Molecular / eDNA"": 0.16647973656654358, ""Perspective & synthesis"": 0.15961119532585144, ""Physics-based modeling"": 0.14260995388031006, ""Remote sensing"": 0.016302818432450294, ""Statistical modeling"": 0.5666284561157227}"
GNGJEEK8,2025-11-06T19:59:58Z,The primacy of dissolved organic matter to aquatic light variability,journalArticle,2025,https://bg.copernicus.org/articles/22/4367/2025/,10.5194/bg-22-4367-2025,"Absorption and scattering by optically active constituents (OACs) modify the sunlit aquatic light environment, facilitating the derivation of biogeochemical data products at scales spanning in situ to satellite observations. Excluding solar illumination, plus geometric and atmospheric effects, variability in an optical parameter arises from changing OAC concentrations, wherein observed patterns in the spectral evolution of data products are associated with the connectivity and spatiotemporal dynamics of OACs. In open-ocean waters far from terrestrial and riverine inputs, the content and mixture of OACs principally relates to the dynamics of phytoplankton and the microbial loop – a trophic pathway describing the cycling of microbial primary producers, remineralizers (e.g., bacteria and archaea), plus dissolved organic and inorganic materials (as applicable). Historical bio-optical models for the open ocean primarily invoke chlorophyll a concentration (Ca) – a commonly used proxy for phytoplankton biomass – as the ubiquitous independent variable governing optical data products such as the normalized water-leaving radiance, LW(λ)N. Formulation of LW(λ)N as a function of Ca invokes an idealized food chain, wherein phytoplankton are the dominant control of OACs, including the colored (or chromophoric, depending on the literature) portion of the dissolved organic matter (DOM) pool, hereafter CDOM. This prescription, in which Ca maximally explains oceanic light variability (hereafter primacy), is tested herein using eigenanalysis – e.g., an empirical orthogonal function analysis, principal component analysis, or other eigendecomposition depending on the literature. Analyses using three independent bio-optical datasets assess the shapes and associations of the principal and secondary eigenfunctions of aquatic LW(λ)N observations. The analyses reveal LW(λ)N variations to be more strongly associated with changes in CDOM rather than Ca – even for purely oceanic datasets – indicating that CDOM dynamics are more variable and exhibit greater independence from Ca than formerly ascribed. Blue and green band-ratio algorithms routinely used for remote sensing of Ca are found to be maximally sensitive to variability in CDOM rather than Ca based on validation tests of ocean chlorophyll (OC) algorithm performance (e.g., R2 of 0.85 versus 0.78), plus partial correlation coefficients relating eigenfunction scalar amplitude functions to field or derived observations. Eigenanalyses applied to spectral subsets of the data indicate expansive spectral range observing improves the independence in retrieving CDOM absorption and Ca. The spectral subset comparisons indicate expanded spectral observations supported by recent domestic and international satellite missions constitute a new and unique opportunity to optically characterize surface ocean phytoplankton stocks without relying on explicit or implied empiricisms requiring CDOM and other OACs to covary with Ca. The shapes and associations of the eigenfunctions suggest a greater diversity of trophic pathways determine OAC dynamics – e.g., in addition to phytoplankton contributing CDOM via cellular lysis, excretion, and grazing – and are consistent with advancing knowledge of the microbial loop in the decades after bio-optical formulations based on Ca were proposed.",W4413997839,2,US;US,True,False,False,ok,Marine,0.15556424856185913,"{""Estuarine/Coastal"": 0.3877708315849304, ""Freshwater"": 0.31727972626686096, ""Marine"": 0.5433350801467896, ""Terrestrial"": 0.13122107088565826}",Phytoplankton,0.3680114448070526,"{""Phytoplankton"": 0.5997619032859802, ""Plants"": 0.2317504584789276, ""Vocal fauna"": 0.14146271347999573}",Mixed,0.017091453075408936,"{""Field observation"": 0.3369187116622925, ""Machine learning"": 0.11582871526479721, ""Molecular / eDNA"": 0.28581225872039795, ""Perspective & synthesis"": 0.09688348323106766, ""Physics-based modeling"": 0.31982725858688354, ""Remote sensing"": 0.21961171925067902, ""Statistical modeling"": 0.22972474992275238}"
JDNPS7WH,2025-11-06T19:31:57Z,BioSCape combines local knowledge and remote-sensing technology for inclusive biodiversity science,journalArticle,2025,https://www.nature.com/articles/s44358-024-00007-8,10.1038/s44358-024-00007-8,"The Biodiversity Survey of the Cape (BioSCape) in South Africa’s Greater Cape Floristic Region aims to test the limits and potential of remote sensing for biodiversity applications. Integrating field biodiversity measurements and local knowledge with advanced remote sensing, BioSCape brings us closer to measuring key biodiversity variables globally from space.",W4406423749,11,ZA;US;US;ZA;ZA;ZA;US;ZA;ZA;ZA;US;US,True,True,True,ok,Terrestrial,0.1943238079547882,"{""Estuarine/Coastal"": 0.34187161922454834, ""Freshwater"": 0.35102665424346924, ""Marine"": 0.3539576828479767, ""Terrestrial"": 0.5482814908027649}",Mixed,0.014828145503997803,"{""Phytoplankton"": 0.25417372584342957, ""Plants"": 0.38846367597579956, ""Vocal fauna"": 0.40329182147979736}",Mixed,0.03388223052024841,"{""Field observation"": 0.4644319415092468, ""Machine learning"": 0.4305497109889984, ""Molecular / eDNA"": 0.399877667427063, ""Perspective & synthesis"": 0.3063250780105591, ""Physics-based modeling"": 0.24381831288337708, ""Remote sensing"": 0.36529162526130676, ""Statistical modeling"": 0.4107813537120819}"
UV32YKCJ,2025-10-29T14:53:50Z,BioSCape Workshop at BioSpace25,conferencePaper,2025,https://nasa-openscapes.github.io/2025-biospace/,,,,0,,False,False,False,no_doi,,,,,,,,,
UD4427ZJ,2025-10-29T14:53:38Z,Biodiversity Survey of the Cape (BioSCape),presentation,2021,,,,,0,,False,False,False,no_doi,,,,,,,,,
G7CC23BR,2025-10-13T22:21:33Z,Leveraging Leaf Spectroscopy to Understand Variations in the Concentration of Phenolic Compounds in Post-Fire Recovery of the Cape Floristic Region,preprint,2025,https://essopenarchive.org/users/895685/articles/1272063-%20leveraging-leaf-spectroscopy-to-understand-variations-in-the-concentration-of-phenoliccompounds-in-post-fire-recovery-of-the-cape-floristic-region,10.22541/essoar.174060575.54832692/v1,"The Cape Floristic Region (CFR) is renowned for its rich biodiversity and high levels of endemism, leading to its designation as a UNESCO World Heritage Site in 2004. Despite its ecological significance, the region’s poor soils, characterized by low nitrogen and phosphorus content, raise questions about how its flora thrives under such conditions. Research indicates that plants adapt to stress by producing secondary metabolites, particularly phenolic compounds, vital for ecosystem functioning, including nutrient cycling and defense against stressors. Furthermore, low biological decomposition rates in nutrient-poor soils suggest that fire is crucial in litter breakdown and nutrient release, influencing plant health. Our study employed leaf spectroscopy to examine the relationship between phenolic compounds (total phenol and flavonoid) and post-fire recovery across the CFR. Results show that fire rejuvenates this ecosystem, with high concentrations of phenolic compounds found in areas recently affected by fire (2015, 2016, and 2021). In contrast, limited (2010) or no recent fire (“never_exp”) resulted in significantly lower concentrations of phenolic compounds. Additionally, continuum removal was employed on the leaf spectra to improve the detection of subtle absorption features associated with phenolic content. Our findings indicate that the prediction of total phenols (R² = 0.82, NRMSE = 5.98%) was generally more accurate than that of flavonoids (R² = 0.80, NRMSE = 1.36%), with total phenols estimated using short-wave infrared (SWIR) spectra. This study enhances the understanding of the absorption features of phenolic compounds in the CFR.",W4407961866,7,ZA;ZA;ZA;CA;CA;ZA;ZA,False,True,False,ok,Terrestrial,0.13768601417541504,"{""Estuarine/Coastal"": 0.22977890074253082, ""Freshwater"": 0.20909373462200165, ""Marine"": 0.30766117572784424, ""Terrestrial"": 0.4453471899032593}",Plants,0.07523220777511597,"{""Phytoplankton"": 0.3082005977630615, ""Plants"": 0.3834328055381775, ""Vocal fauna"": 0.1908894181251526}",Mixed,0.0014551132917404175,"{""Field observation"": 0.2330106496810913, ""Machine learning"": 0.17359569668769836, ""Molecular / eDNA"": 0.23446576297283173, ""Perspective & synthesis"": 0.11821293830871582, ""Physics-based modeling"": 0.10863664746284485, ""Remote sensing"": 0.11953878402709961, ""Statistical modeling"": 0.20552471280097961}"
N4U9G7BA,2025-10-13T21:11:52Z,Causal inference with observational data and unobserved confounding variables,preprint,2024,https://www.biorxiv.org/content/10.1101/2024.02.26.582072v4,10.1101/2024.02.26.582072,"Experiments have long been the gold standard for causal inference in Ecology. Observational data has been primarily used to validate experimental results or to find patterns that inspire experiments – not for causal inference. As ecology tackles progressively larger problems, we are moving beyond the scales at which randomized controlled experiments are feasible. Using observational data for causal inference raises the problem of confounding variables, those affecting both a causal variable and response of interest. Unmeasured confounders lead to statistical bias, creating spurious correlations and masking true causal relationships. To combat this Omitted Variable Bias, other disciplines have developed rigorous approaches for causal inference from observational data addressing the problems of confounders. We show how Ecologists can harness some of these methods: identifying confounders via causal diagrams, using nested sampling designs, and statistical designs that address omitted variable bias for causal inference. Using a motivating example of warming effects on intertidal snails, we show how current methods in Ecology (e.g., mixed models) produce incorrect inferences, and how methods presented here outperform them, reducing bias and increasing statistical power. Our goal is to enable the widespread use of observational data as tool for causal inference for the next generation of Ecological studies.",W4392295614,2,US;US,True,False,False,ok,Mixed,0.0044057369232177734,"{""Estuarine/Coastal"": 0.2091081738471985, ""Freshwater"": 0.21351391077041626, ""Marine"": 0.20901890099048615, ""Terrestrial"": 0.16115602850914001}",Vocal fauna,0.12583155930042267,"{""Phytoplankton"": 0.1541738659143448, ""Plants"": 0.14825908839702606, ""Vocal fauna"": 0.28000542521476746}",Statistical modeling,0.32310646772384644,"{""Field observation"": 0.22789008915424347, ""Machine learning"": 0.19270870089530945, ""Molecular / eDNA"": 0.1716935932636261, ""Perspective & synthesis"": 0.16825853288173676, ""Physics-based modeling"": 0.1624527871608734, ""Remote sensing"": 0.013678657822310925, ""Statistical modeling"": 0.5509965419769287}"
